SECCION,votos,lista,participacion
1,NA,NA,NA
10,318,418,0.7607655502392344
100,1334,2339,0.5703292005130398
1000,513,711,0.7215189873417721
1001,532,811,0.655980271270037
1002,874,1225,0.713469387755102
1003,754,1052,0.7167300380228137
1004,914,1216,0.7516447368421053
1005,1213,1628,0.745085995085995
1006,620,1132,0.5477031802120141
1007,312,1041,0.29971181556195964
1008,610,997,0.6118355065195586
1009,906,1161,0.7803617571059431
1010,680,877,0.7753705815279361
1011,444,609,0.729064039408867
1012,858,1191,0.7204030226700252
1013,720,939,0.7667731629392971
1014,952,1391,0.6843997124370956
1015,739,1294,0.5710973724884081
1016,NA,NA,NA
1017,889,1221,0.7280917280917281
1018,801,1128,0.7101063829787234
1019,424,618,0.686084142394822
102,8199,13090,0.6263559969442323
1020,437,615,0.7105691056910569
1021,367,547,0.6709323583180987
1022,83,230,0.36086956521739133
1023,425,688,0.6177325581395349
1024,346,705,0.4907801418439716
1025,364,769,0.47334200260078024
1026,0,471,0
1027,172,338,0.5088757396449705
1028,182,404,0.4504950495049505
1029,558,1012,0.5513833992094862
103,405,1444,0.2804709141274238
1030,358,498,0.7188755020080321
1031,434,618,0.7022653721682848
1032,484,726,0.6666666666666666
1033,514,712,0.7219101123595506
1034,641,904,0.709070796460177
1035,316,870,0.3632183908045977
1036,604,869,0.6950517836593786
1037,220,326,0.6748466257668712
1038,399,645,0.6186046511627907
1039,450,769,0.5851755526657998
104,656,1652,0.39709443099273606
1040,507,744,0.6814516129032258
1041,993,1396,0.7113180515759312
1042,1016,1317,0.7714502657555049
1043,1049,1366,0.7679355783308931
1044,1307,1671,0.782166367444644
1045,1553,1969,0.7887252412392077
1046,965,1211,0.7968620974401321
1047,870,1122,0.7754010695187166
1048,285,411,0.6934306569343066
1049,454,622,0.729903536977492
105,887,1512,0.5866402116402116
1050,518,752,0.6888297872340425
1051,245,367,0.667574931880109
1052,630,889,0.7086614173228346
1053,262,392,0.6683673469387755
1054,518,867,0.5974625144175317
1055,272,471,0.5774946921443737
1056,0,397,0
1057,210,430,0.4883720930232558
1058,524,1070,0.4897196261682243
1059,567,1274,0.44505494505494503
106,NA,NA,NA
1060,193,343,0.5626822157434402
1061,227,325,0.6984615384615385
1062,146,269,0.5427509293680297
1063,334,655,0.5099236641221374
1064,319,1394,0.22883787661406027
1065,681,2134,0.3191190253045923
1066,660,1172,0.5631399317406144
1067,464,687,0.6754002911208151
1068,372,606,0.6138613861386139
1069,589,870,0.6770114942528735
107,2283,3542,0.6445511010728402
1070,422,572,0.7377622377622378
1071,337,550,0.6127272727272727
1072,341,514,0.6634241245136187
1073,369,577,0.6395147313691508
1074,399,569,0.7012302284710018
1075,317,517,0.6131528046421664
1076,243,441,0.5510204081632653
1077,82,220,0.37272727272727274
1078,399,653,0.6110260336906586
1079,196,337,0.5816023738872403
1080,293,441,0.6643990929705216
1081,350,486,0.720164609053498
1082,309,445,0.6943820224719102
1083,606,599,1.011686143572621
1084,895,1234,0.7252836304700162
1085,516,752,0.6861702127659575
1086,517,681,0.7591776798825257
1087,483,630,0.7666666666666667
1088,615,821,0.7490864799025578
1089,561,718,0.7813370473537604
109,1477,2601,0.5678585159554018
1090,2723,3194,0.8525360050093926
1091,2234,3462,0.6452917388792605
1092,3784,4506,0.8397691966267199
1093,1226,1503,0.8157019294743846
1094,1304,1609,0.8104412678682411
1095,1004,1800,0.5577777777777778
1096,2244,3159,0.7103513770180437
1097,1345,1840,0.7309782608695652
1098,1746,2386,0.7317686504610227
1099,306,423,0.723404255319149
11,169,221,0.7647058823529411
110,2333,3302,0.7065414900060569
1100,625,784,0.7971938775510204
1101,0,614,0
1102,335,493,0.6795131845841785
1103,440,655,0.6717557251908397
1104,187,274,0.6824817518248175
1105,288,417,0.6906474820143885
1106,227,321,0.7071651090342679
1107,188,323,0.5820433436532507
1108,273,457,0.5973741794310722
1109,0,568,0
111,1022,1802,0.5671476137624861
1110,271,447,0.6062639821029083
1111,181,271,0.6678966789667896
1112,215,323,0.6656346749226006
1113,236,379,0.6226912928759895
1114,211,359,0.5877437325905293
1115,364,482,0.7551867219917012
1116,268,763,0.35124508519003933
1117,409,571,0.7162872154115587
1118,358,512,0.69921875
112,752,1385,0.5429602888086643
1120,520,725,0.7172413793103448
1121,381,573,0.6649214659685864
1122,306,490,0.6244897959183674
1123,515,767,0.6714471968709257
1124,1411,2081,0.6780394041326285
1125,695,1349,0.5151964418087472
1126,585,906,0.6456953642384106
1127,691,1282,0.5390015600624025
1128,618,1007,0.6137040714995035
1129,727,979,0.7425944841675178
113,404,680,0.5941176470588235
1130,823,1069,0.7698783910196445
1133,248,379,0.6543535620052771
1134,2367,3361,0.7042546861053258
1135,267,463,0.5766738660907127
1136,251,508,0.4940944881889764
1137,252,458,0.5502183406113537
1138,216,324,0.6666666666666666
1139,211,317,0.6656151419558359
1140,185,339,0.5457227138643068
1141,294,504,0.5833333333333334
1144,283,507,0.5581854043392505
1146,233,419,0.5560859188544153
1147,226,408,0.553921568627451
1148,278,417,0.6666666666666666
1149,226,407,0.5552825552825553
115,945,1619,0.5836936380481779
1150,364,636,0.5723270440251572
1151,144,248,0.5806451612903226
1152,232,421,0.5510688836104513
1153,0,212,0
1154,235,900,0.2611111111111111
1155,333,303,1.099009900990099
1156,203,442,0.4592760180995475
1157,244,451,0.541019955654102
1158,193,379,0.5092348284960422
1159,167,366,0.4562841530054645
116,554,2088,0.2653256704980843
1160,168,425,0.3952941176470588
1161,986,0,Inf
1162,187,380,0.4921052631578947
1163,117,234,0.5
1164,110,190,0.5789473684210527
1165,111,208,0.5336538461538461
1166,253,458,0.5524017467248908
1167,179,310,0.5774193548387097
117,799,1907,0.41898269533298377
1174,277,588,0.4710884353741497
1175,204,344,0.5930232558139535
1176,151,404,0.37376237623762376
1178,117,242,0.4834710743801653
118,662,1547,0.42792501616031026
1182,286,630,0.45396825396825397
1183,216,466,0.463519313304721
1186,311,682,0.4560117302052786
1187,155,234,0.6623931623931624
1188,175,270,0.6481481481481481
1189,273,466,0.5858369098712446
119,653,1664,0.39242788461538464
1191,194,359,0.5403899721448467
1195,163,339,0.4808259587020649
1196,293,569,0.5149384885764499
12,0,423,0
120,924,2211,0.417910447761194
1201,345,600,0.575
1204,274,440,0.6227272727272727
1205,282,457,0.6170678336980306
1206,215,369,0.5826558265582655
1207,233,389,0.5989717223650386
1208,257,494,0.520242914979757
1209,274,465,0.589247311827957
121,944,2349,0.4018731375053214
1210,0,406,0
1211,294,484,0.6074380165289256
1212,198,297,0.6666666666666666
1213,202,334,0.6047904191616766
1214,161,248,0.6491935483870968
1215,172,298,0.5771812080536913
1216,222,318,0.6981132075471698
1217,177,273,0.6483516483516484
1218,320,557,0.5745062836624776
1219,359,593,0.6053962900505903
122,850,3077,0.27624309392265195
1220,234,765,0.3058823529411765
1221,399,561,0.7112299465240641
1222,408,704,0.5795454545454546
1223,420,751,0.559254327563249
1224,303,536,0.5652985074626866
1225,561,988,0.5678137651821862
1226,251,394,0.6370558375634517
1227,1047,827,1.2660217654171706
1228,456,971,0.46961894953656025
1229,232,507,0.45759368836291914
123,1196,2762,0.4330195510499638
1230,550,1102,0.49909255898366606
1231,503,1034,0.4864603481624758
1232,536,946,0.5665961945031712
1233,559,917,0.6095965103598692
1234,NA,NA,NA
1235,621,1332,0.46621621621621623
1236,546,1075,0.5079069767441861
1237,563,1220,0.46147540983606555
1238,558,1115,0.5004484304932736
1239,305,637,0.478806907378336
1240,390,772,0.5051813471502591
1241,251,457,0.5492341356673961
1242,272,470,0.5787234042553191
1243,531,863,0.6152954808806489
1244,0,670,0
1245,152,226,0.672566371681416
1246,389,655,0.5938931297709924
1247,1394,2002,0.6963036963036963
1248,360,646,0.5572755417956656
1249,230,327,0.70336391437308865
125,545,2241,0.24319500223114682
1250,417,603,0.6915422885572139
1251,290,494,0.5870445344129555
1252,291,484,0.6012396694214877
1253,323,552,0.5851449275362319
1254,207,306,0.6764705882352942
1255,304,522,0.5823754789272031
1256,224,353,0.6345609065155807
1257,300,486,0.6172839506172839
1258,352,567,0.6208112874779541
1259,240,396,0.6060606060606061
126,526,1298,0.4052388289676425
1260,215,341,0.6304985337243402
1261,203,360,0.5638888888888889
1262,108,190,0.5684210526315789
1263,242,406,0.5960591133004927
1264,290,467,0.6209850107066381
1266,203,312,0.6506410256410257
1267,361,558,0.6469534050179212
1268,155,264,0.5871212121212122
1269,176,315,0.5587301587301587
127,557,1365,0.40805860805860805
1270,180,290,0.6206896551724138
1271,190,284,0.6690140845070423
1272,174,261,0.6666666666666666
1273,165,291,0.5670103092783505
1274,344,519,0.6628131021194605
1275,359,557,0.644524236983842
1276,185,290,0.6379310344827587
1277,256,412,0.6213592233009708
1278,185,297,0.622895622895623
1279,233,380,0.6131578947368421
128,313,1242,0.25201288244766507
1280,194,318,0.610062893081761
1281,324,482,0.6721991701244814
1282,398,589,0.6757215619694398
1284,294,474,0.620253164556962
1285,294,944,0.3114406779661017
1286,513,830,0.6180722891566265
1287,155,229,0.6768558951965066
1288,232,419,0.5536992840095465
1289,395,662,0.5966767371601208
1290,236,366,0.644808743169399
1291,436,734,0.5940054495912807
1292,394,1376,0.2863372093023256
1293,362,555,0.6522522522522523
1294,146,734,0.1989100817438692
1295,303,412,0.7354368932038835
1296,505,752,0.6715425531914894
1297,341,457,0.7461706783369803
1298,368,500,0.736
1299,820,1182,0.6937394247038917
13,0,540,0
1300,312,519,0.6011560693641619
1301,422,686,0.6151603498542274
1302,260,492,0.5284552845528455
1303,206,347,0.5936599423631124
1304,626,882,0.7097505668934241
1305,550,841,0.6539833531510107
1306,0,504,0
1307,1269,1832,0.6926855895196506
1308,320,541,0.5914972273567468
1309,1248,1785,0.6991596638655462
131,NA,NA,NA
1310,980,1414,0.693069306930693
1311,835,1197,0.697577276524645
1312,1037,1363,0.7608217168011738
1313,849,1573,0.5397329942784488
1314,873,1280,0.68203125
1315,992,1359,0.7299484915378955
1316,871,1385,0.6288808664259928
1317,355,621,0.571658615136876
1318,899,1176,0.7644557823129252
1319,442,705,0.6269503546099291
132,2001,3142,0.6368555060471037
1320,331,489,0.6768916155419223
1321,326,535,0.6093457943925233
1322,202,353,0.5722379603399433
1323,203,307,0.6612377850162866
1324,277,413,0.6707021791767555
1325,511,695,0.7352517985611511
1326,1109,1481,0.7488183659689399
1327,0,652,0
1328,366,552,0.6630434782608695
1329,861,1249,0.6893514811849479
133,1192,1905,0.6257217847769029
1330,947,1238,0.7649434571890146
1331,1232,1622,0.7595561035758323
1332,1637,2065,0.7927360774818402
1333,1147,1471,0.7797416723317471
1334,1227,1613,0.7606943583384997
1335,937,1320,0.7098484848484848
1336,1151,1655,0.6954682779456194
1337,765,1077,0.7103064066852368
1338,751,1106,0.6790235081374322
1339,459,739,0.6211096075778079
134,749,1310,0.5717557251908397
1340,199,379,0.525065963060686
1341,311,464,0.6702586206896551
1342,391,669,0.5844544095665172
1343,246,826,0.29782082324455206
1344,432,623,0.6934189406099518
1345,490,641,0.7644305772230889
1346,942,1377,0.6840958605664488
1347,627,1010,0.6207920792079208
1348,502,764,0.6570680628272252
1349,472,657,0.7184170471841704
135,NA,NA,NA
1350,1141,1531,0.7452645329849772
1351,1184,1583,0.7479469361970941
1352,1217,1664,0.7313701923076923
1353,737,929,0.7933261571582346
1354,665,877,0.758266818700114
1355,1693,2001,0.8460769615192404
1356,573,2120,0.27028301886792455
1357,807,1595,0.5059561128526646
1358,977,2078,0.4701636188642926
1359,957,1962,0.4877675840978593
136,327,1365,0.23956043956043957
1360,1257,1938,0.6486068111455109
1361,586,800,0.7325
1362,563,1074,0.5242085661080075
1363,241,941,0.2561105207226355
1364,1225,1673,0.7322175732217573
1365,1020,1365,0.7472527472527473
1366,694,1041,0.6666666666666666
1367,677,1027,0.6592015579357352
1368,638,934,0.683083511777302
1369,553,961,0.5754422476586889
137,599,1324,0.452416918429003
1370,NA,NA,NA
1371,517,1088,0.47518382352941174
1372,657,1188,0.553030303030303
1373,316,1219,0.25922887612797374
1374,641,1282,0.5
1375,885,2079,0.42568542568542567
1376,1282,2420,0.5297520661157025
1377,441,976,0.45184426229508196
1378,500,964,0.5186721991701245
1379,454,882,0.5147392290249433
138,640,1284,0.4984423676012461
1380,1155,1603,0.7205240174672489
1381,507,1016,0.49901574803149606
1382,337,2142,0.1573295985060691
1383,895,1961,0.4563997960224375
1384,787,2091,0.37637494021999046
1385,1174,2608,0.45015337423312884
1386,632,1652,0.38256658595641646
1387,483,1626,0.29704797047970477
1388,2430,1961,1.2391636919938807
1389,1266,1396,0.9068767908309455
139,875,1463,0.5980861244019139
1390,974,1328,0.733433734939759
1391,970,1205,0.8049792531120332
1392,1035,1303,0.7943207981580968
1393,696,2066,0.33688286544046464
1394,1292,2398,0.5387823185988324
1395,432,927,0.46601941747572817
1396,560,1596,0.3508771929824561
1397,512,1570,0.32611464968152865
1398,923,1662,0.5553549939831528
1399,1002,1915,0.5232375979112271
140,614,1055,0.5819905213270142
1400,0,2747,0
1401,700,1909,0.3666841278156103
1402,828,1323,0.6258503401360545
1403,1366,1940,0.7041237113402062
1404,769,2153,0.35717603344170923
1405,3022,3758,0.8041511442256519
1406,682,1062,0.6421845574387948
1407,640,931,0.6874328678839957
1408,782,1566,0.49936143039591313
1409,2595,3414,0.7601054481546573
141,3951,8071,0.4895304175442944
1410,1030,1913,0.538421327757449
1411,1284,1646,0.7800729040097205
1412,1896,2972,0.6379542395693136
1413,1765,2514,0.7020684168655529
1414,1521,2064,0.7369186046511628
1415,1405,1824,0.7702850877192983
1416,4777,6001,0.7960339943342776
1417,1493,1949,0.7660338635197537
1418,1963,2636,0.7446889226100152
1419,1350,1733,0.778995960761685
1420,1703,1930,0.8823834196891192
1421,2299,3726,0.6170155662909286
1423,988,2188,0.4515539305301645
1424,839,1768,0.4745475113122172
1425,3069,5783,0.5306934117240186
1426,897,1647,0.5446265938069217
1427,887,2004,0.4426147704590818
1428,4394,6050,0.7262809917355372
1429,3078,4116,0.7478134110787172
143,645,1420,0.45422535211267606
1430,531,533,0.9962476547842402
1431,1384,2028,0.6824457593688363
1432,1402,1705,0.8222873900293255
1433,537,1732,0.3100461893764434
1434,901,2001,0.45027486256871563
1435,812,2307,0.3519722583441699
1436,963,2024,0.47579051383399207
1437,790,1534,0.5149934810951761
1438,1090,2012,0.5417495029821073
1439,864,1781,0.485120718697361
144,2931,7778,0.3768320905116997
1440,1033,2124,0.486346516007533
1441,1019,2199,0.4633924511141428
1442,1023,2193,0.466484268125855
1443,1094,2332,0.4691252144082333
1444,1075,2168,0.49584870848708484
1445,686,1258,0.5453100158982512
1446,1022,2038,0.5014720314033366
1447,823,1760,0.46761363636363634
1448,2977,5793,0.5138960814776454
1449,1373,3444,0.398664343786295
145,2197,4010,0.5478802992518703
1450,921,2027,0.4543660582141095
1451,327,2053,0.15927910375060886
1452,626,2051,0.3052169673330083
1453,1375,1904,0.7221638655462185
1454,910,2301,0.3954802259887006
1455,1281,2953,0.4337961395191331
1456,280,2516,0.11128775834658187
1457,634,1456,0.43543956043956045
1458,1012,2008,0.5039840637450199
1459,840,1783,0.4711160964666293
146,1209,2274,0.5316622691292876
1460,837,1820,0.45989010989010987
1461,930,2186,0.4254345837145471
1462,1079,2407,0.4482758620689655
1463,1168,2649,0.4409211023027558
1464,603,1537,0.3923227065712427
1465,911,1780,0.5117977528089888
1466,724,1420,0.5098591549295775
1467,1035,1964,0.5269857433808554
1468,1084,1990,0.5447236180904522
1469,1054,2068,0.5096711798839458
147,544,958,0.5678496868475992
1470,853,2319,0.3678309616213885
1471,770,1892,0.4069767441860465
1472,919,1801,0.5102720710716269
1473,894,2218,0.4030658250676285
1474,790,1851,0.42679632631010267
1475,713,1625,0.43876923076923074
1476,784,1903,0.4119810825013137
1477,854,1642,0.5200974421437271
1478,792,1583,0.5003158559696779
1479,1092,1939,0.5631768953068592
148,3402,6021,0.5650224215246636
1480,1461,2572,0.5680404354587869
1481,988,1889,0.5230280571731075
1482,930,1726,0.5388180764774044
1483,1116,2096,0.5324427480916031
1484,698,2101,0.3322227510709186
1485,734,1495,0.4909698996655518
1486,1045,2018,0.5178394449950446
1487,1728,3583,0.4822774211554563
1488,2001,3291,0.6080218778486782
1489,1526,2557,0.5967931169339069
1490,913,1794,0.5089186176142698
1491,963,1876,0.5133262260127932
1492,2387,3657,0.6527208094066175
1493,673,1145,0.5877729257641922
1494,348,1118,0.3112701252236136
1495,1170,1988,0.5885311871227364
1496,766,1435,0.5337979094076655
1497,656,1918,0.3420229405630866
1498,982,2047,0.47972642892037126
1499,1086,2062,0.5266731328806984
15,243,365,0.6657534246575343
150,8807,9784,0.9001430907604252
1500,552,1665,0.33153153153153153
1501,382,1160,0.3293103448275862
1502,751,1134,0.6622574955908289
1503,364,1018,0.3575638506876228
1504,2811,4059,0.6925351071692535
1505,848,2077,0.40828117477130477
1506,4924,6726,0.7320844484091585
1508,433,1445,0.2996539792387543
1509,573,1520,0.3769736842105263
151,1481,1839,0.8053289831430125
1510,1191,1725,0.6904347826086956
1511,907,1456,0.6229395604395604
1512,1046,1545,0.6770226537216828
1513,1919,3287,0.5838150289017341
1514,1007,1509,0.6673293571901922
1515,751,1099,0.6833484986351228
1516,916,1344,0.6815476190476191
1517,319,1779,0.17931422147273748
1518,1209,2352,0.514030612244898
1519,993,2117,0.4690599905526689
152,1376,1700,0.8094117647058824
1520,1199,2641,0.45399469897766
1521,1201,2744,0.43768221574344024
1522,944,2126,0.44402634054562556
1523,1038,1808,0.5741150442477876
1524,910,1743,0.5220883534136547
1525,869,1647,0.5276259866423801
1526,858,1224,0.7009803921568627
1527,1134,1584,0.7159090909090909
1528,1005,1489,0.6749496306245802
1529,717,1339,0.5354742345033607
153,333,415,0.8024096385542169
1530,853,1459,0.5846470185058259
1531,774,1811,0.4273881833241303
1532,2062,2772,0.7438672438672439
1533,866,2080,0.41634615384615387
1534,1045,1654,0.6318016928657799
1535,1274,2036,0.6257367387033399
1536,736,1325,0.5554716981132075
1537,665,1293,0.51430781129157
1538,854,1273,0.6708562450903378
1539,733,1215,0.6032921810699589
154,239,281,0.8505338078291815
1540,920,1407,0.6538734896943852
1541,603,1553,0.38828074694140374
1542,663,1022,0.6487279843444227
1543,698,1121,0.6226583407671722
1544,955,1607,0.5942750466708152
1545,972,1809,0.5373134328358209
1546,885,1896,0.46677215189873417
1547,954,1748,0.545766590389016
1548,953,2219,0.42947273546642634
1549,744,1686,0.4412811387900356
155,423,505,0.8376237623762376
1550,822,1754,0.46864310148232613
1551,512,2335,0.21927194860813704
1552,1097,2212,0.49593128390596747
1553,1004,2032,0.4940944881889764
1554,773,1464,0.5280054644808743
1555,629,1785,0.3523809523809524
1556,737,1358,0.5427098674521355
1557,403,607,0.6639209225700164
1558,383,584,0.6558219178082192
1559,855,1306,0.6546707503828484
156,618,744,0.8306451612903226
1560,1063,1648,0.6450242718446602
1561,1065,2464,0.432224025974026
1562,860,1498,0.5740987983978638
1563,664,1752,0.3789954337899543
1564,873,1664,0.5246394230769231
1565,773,1493,0.5177494976557268
1566,825,1241,0.6647864625302176
1567,795,1235,0.6437246963562753
1568,911,1362,0.6688693098384728
1569,899,1296,0.6936728395061729
157,491,643,0.7636080870917574
1570,738,1096,0.6733576642335767
1571,807,1705,0.47331378299120236
1572,916,1461,0.6269678302532512
1573,1017,1740,0.5844827586206897
1574,4197,6078,0.6905231984205331
1575,2498,3076,0.8120936280884266
1576,2056,2637,0.7796738718240425
1577,741,928,0.7984913793103449
1578,1522,1996,0.7625250501002004
1579,946,1353,0.6991869918699187
158,772,967,0.7983453981385729
1580,965,1351,0.7142857142857143
1581,1032,1647,0.6265938069216758
1582,883,1303,0.6776669224865695
1583,928,1285,0.7221789883268482
1584,1067,1502,0.7103861517976032
1585,2016,3652,0.552026286966046
1586,995,1757,0.566306203756403
1587,802,2078,0.3859480269489894
1588,1942,1815,1.0699724517906337
1589,952,1677,0.56768038163387
159,180,205,0.8780487804878049
1590,629,1992,0.3157630522088353
1591,355,2163,0.16412390198797966
1592,862,1605,0.5370716510903427
1593,980,1592,0.6155778894472361
1594,871,1615,0.5393188854489164
1595,1916,3159,0.6065210509654954
1596,825,1454,0.5674002751031637
1597,840,1279,0.656763096168882
1598,1038,1514,0.6856010568031704
1599,1315,2152,0.6110594795539034
16,268,482,0.5560165975103735
160,652,775,0.8412903225806452
1600,1150,1930,0.5958549222797928
1601,1556,2031,0.7661250615460364
1602,1323,1710,0.7736842105263158
1603,1084,2031,0.533727227966519
1604,1309,1777,0.7366347777152504
1605,1040,1544,0.6735751295336787
1606,247,440,0.5613636363636364
1607,715,1187,0.6023588879528222
1608,980,1452,0.6749311294765841
1609,678,1071,0.6330532212885154
161,849,1040,0.8163461538461538
1610,697,1108,0.6290613718411552
1611,481,841,0.5719381688466112
1612,800,1684,0.4750593824228028
1613,938,1764,0.5317460317460317
1614,436,818,0.5330073349633252
1615,733,1878,0.3903088391906283
1616,792,1882,0.4208289054197662
1617,809,1668,0.48501199040767384
1618,1058,1983,0.5335350479072113
1619,849,1676,0.5065632458233891
162,338,773,0.4372574385510996
1620,843,1542,0.546692607003891
1621,468,803,0.5828144458281445
1622,962,1550,0.6206451612903225
1623,1067,1799,0.5931072818232351
1624,934,1806,0.5171650055370985
1625,974,1915,0.5086161879895561
1626,579,1592,0.3636934673366834
1627,834,1444,0.5775623268698061
1628,385,1389,0.27717782577393807
1629,0,218,0
163,449,506,0.8873517786561265
1630,618,999,0.6186186186186187
1631,212,323,0.6563467492260062
1632,0,597,0
1633,633,1159,0.546160483175151
1634,0,245,0
1635,463,935,0.49518716577540106
1636,223,837,0.26642771804062126
1637,441,735,0.6
1638,0,688,0
1639,0,293,0
164,610,381,1.601049868766404
1642,905,1404,0.6445868945868946
1643,294,561,0.5240641711229946
1644,221,341,0.6480938416422287
1645,257,402,0.6393034825870647
1646,140,240,0.5833333333333334
1647,176,311,0.5659163987138264
1648,335,550,0.6090909090909091
1649,224,485,0.4618556701030928
165,620,877,0.7069555302166477
1650,160,275,0.5818181818181818
1651,490,764,0.6413612565445026
1652,457,688,0.6642441860465116
1653,243,991,0.24520686175580222
1654,327,622,0.5257234726688103
1655,377,688,0.5479651162790697
1656,433,792,0.5467171717171717
1657,769,1106,0.6952983725135624
1658,678,989,0.6855409504550051
1659,382,1372,0.2784256559766764
166,483,563,0.8579040852575488
1660,435,852,0.5105633802816901
1661,882,811,1.0875462392108508
1662,396,665,0.5954887218045113
1663,695,748,0.929144385026738
1664,288,566,0.508833922261484
1665,197,373,0.5281501340482574
1666,175,376,0.4654255319148936
1667,394,628,0.6273885350318471
1668,NA,NA,NA
1669,201,352,0.5710227272727273
167,366,427,0.8571428571428571
1670,304,619,0.4911147011308562
1671,363,747,0.4859437751004016
1672,0,705,0
1673,343,1214,0.2825370675453048
1674,0,1029,0
1675,611,1067,0.5726335520149953
1676,508,1005,0.5054726368159204
1677,155,289,0.5363321799307958
1678,275,527,0.5218216318785579
1679,458,857,0.5344224037339557
168,624,747,0.8353413654618473
1680,690,1198,0.5759599332220368
1681,579,960,0.603125
1682,722,1181,0.611346316680779
1683,217,351,0.6182336182336182
1684,343,574,0.5975609756097561
1685,533,1050,0.5076190476190476
1686,1038,1501,0.6915389740173218
1687,1235,1674,0.7377538829151732
1688,238,364,0.6538461538461539
1689,221,363,0.6088154269972452
169,549,679,0.8085419734904271
1690,440,722,0.6094182825484764
1691,580,976,0.5942622950819673
1692,284,515,0.5514563106796116
1693,191,349,0.5472779369627507
1694,314,539,0.5825602968460112
1695,300,484,0.6198347107438017
1696,185,302,0.6125827814569537
1697,620,1039,0.5967276227141483
1698,351,612,0.5735294117647058
1699,105,196,0.5357142857142857
17,229,385,0.5948051948051948
170,578,720,0.8027777777777778
1700,0,508,0
1701,651,1204,0.5406976744186046
1702,435,483,0.9006211180124224
1703,0,3731,0
1704,812,1709,0.4751316559391457
1705,5072,9232,0.5493934142114385
1707,2597,6211,0.4181291257446466
1709,239,419,0.5704057279236276
171,1124,1383,0.8127259580621836
1710,509,898,0.566815144766147
1711,241,363,0.6639118457300276
1712,239,757,0.3157199471598415
1713,332,595,0.5579831932773109
1714,146,541,0.2698706099815157
1715,182,504,0.3611111111111111
1716,158,428,0.3691588785046729
1717,0,373,0
1718,135,203,0.6650246305418719
1719,311,487,0.6386036960985626
172,1763,3187,0.5531848133040477
1720,320,897,0.35674470457079155
1721,326,551,0.5916515426497277
1722,302,270,1.1185185185185185
1723,202,330,0.6121212121212121
1724,968,1218,0.7947454844006568
1725,601,727,0.8266850068775791
1726,286,353,0.8101983002832861
1727,313,374,0.8368983957219251
1728,294,368,0.7989130434782609
173,591,1111,0.531953195319532
1730,1574,2396,0.6569282136894825
1731,618,1053,0.5868945868945868
1732,1318,2163,0.6093388811835414
1733,416,1340,0.31044776119402984
1734,1338,2253,0.5938748335552596
1735,449,761,0.5900131406044679
1736,389,670,0.5805970149253732
1737,795,1890,0.42063492063492064
1738,1807,2880,0.6274305555555556
1739,1554,2380,0.6529411764705882
174,998,2825,0.35327433628318583
1740,387,669,0.57847533632287
1741,175,259,0.6756756756756757
1742,500,782,0.639386189258312
1743,1186,1984,0.5977822580645161
1744,621,1044,0.5948275862068966
1745,788,1220,0.6459016393442623
1746,573,935,0.6128342245989304
1749,304,523,0.5812619502868069
175,919,1944,0.4727366255144033
1751,114,249,0.4578313253012048
1752,3660,7364,0.49701249321021185
1753,663,1011,0.655786350148368
1754,1142,2257,0.5059813912272929
1755,1777,3849,0.46167835801506885
1756,119,210,0.5666666666666667
1757,103,191,0.5392670157068062
1758,626,1022,0.6125244618395304
1759,405,1429,0.2834149755073478
176,1098,2107,0.5211200759373517
1761,982,2432,0.4037828947368421
1762,721,1465,0.49215017064846417
1763,2009,2796,0.7185264663805436
1764,1017,1500,0.678
1765,1030,1391,0.7404744787922358
1766,984,1448,0.6795580110497238
1767,1062,1510,0.7033112582781457
1768,1526,2011,0.7588264545002487
1769,2198,3057,0.7190055610075237
177,741,1350,0.5488888888888889
1770,2827,4117,0.6866650473645859
1771,557,970,0.5742268041237113
1772,372,1411,0.26364280652019845
1773,707,1270,0.5566929133858268
1774,730,1359,0.5371596762325239
1775,782,1256,0.6226114649681529
1776,1473,2204,0.6683303085299456
1777,1938,2324,0.8339070567986231
1778,1126,1727,0.6519976838448176
1779,964,1375,0.7010909090909091
178,645,1255,0.5139442231075697
1780,978,1462,0.6689466484268126
1781,1144,1714,0.6674445740956826
1782,1066,1501,0.7101932045303131
1783,1132,1740,0.6505747126436782
1784,852,1445,0.5896193771626298
1785,347,542,0.6402214022140221
1786,1402,2001,0.7006496751624188
1787,1244,1773,0.7016356457980824
1788,1625,2275,0.7142857142857143
1789,1492,1866,0.7995712754555199
179,642,1339,0.479462285287528
1790,828,1629,0.5082872928176796
1791,1198,1507,0.7949568679495687
1792,1072,1446,0.7413554633471646
1793,1205,1586,0.7597730138713745
1794,1413,1957,0.7220235053653551
1795,304,477,0.6373165618448637
1796,347,547,0.6343692870201096
1797,1000,1557,0.6422607578676943
1798,161,271,0.5940959409594095
1799,199,348,0.5718390804597702
180,573,1168,0.4905821917808219
1800,462,793,0.5825977301387137
1801,362,512,0.70703125
1802,0,587,0
1803,769,1235,0.622672064777328
1804,940,1544,0.6088082901554405
1805,1045,1497,0.698062792251169
1806,674,1101,0.6121707538601272
1807,871,1255,0.6940239043824701
1808,1094,1517,0.7211601845748187
1809,1032,1712,0.602803738317757
181,371,1472,0.25203804347826086
1810,793,1671,0.47456612806702575
1811,747,1543,0.48412184057031754
1812,667,1468,0.4543596730245232
1813,743,1560,0.47628205128205126
1814,963,1434,0.6715481171548117
1815,1169,1905,0.6136482939632546
1816,942,1451,0.6492074431426602
1817,387,681,0.5682819383259912
1818,469,760,0.6171052631578947
1819,828,1338,0.6188340807174888
182,1095,2116,0.5174858223062382
1820,NA,NA,NA
1821,577,1013,0.5695952615992103
1822,387,687,0.5633187772925764
1823,373,657,0.5677321156773212
1824,368,600,0.6133333333333333
1825,381,636,0.5990566037735849
1826,655,1137,0.5760773966578716
1827,1050,1460,0.7191780821917808
1828,744,984,0.7560975609756098
1829,666,875,0.7611428571428571
1830,667,897,0.7435897435897436
1831,857,1194,0.7177554438860971
1832,1050,1404,0.7478632478632479
1833,963,1348,0.7143916913946587
1834,727,981,0.7410805300713558
1835,546,744,0.7338709677419355
1836,836,1112,0.7517985611510791
1837,841,1088,0.7729779411764706
1838,420,617,0.6807131280388979
1839,490,659,0.7435508345978755
184,785,1488,0.5275537634408602
1840,391,578,0.6764705882352942
1841,0,666,0
1842,874,1229,0.7111472742066721
1843,367,555,0.6612612612612613
1844,1806,2470,0.7311740890688259
1845,1025,1629,0.629220380601596
1846,491,908,0.5407488986784141
1847,1096,1486,0.7375504710632571
1848,1163,1510,0.7701986754966887
1849,1056,1534,0.6883963494132985
185,1021,796,1.2826633165829147
1850,1049,1523,0.6887721602101117
1851,850,1303,0.6523407521105142
1852,1008,1641,0.6142595978062158
1853,650,1554,0.41827541827541825
1854,812,1677,0.4841979725700656
1855,1365,1953,0.6989247311827957
1856,921,1530,0.6019607843137255
1857,1695,2675,0.6336448598130842
1858,748,1367,0.5471836137527433
1859,924,1781,0.5188096574957889
186,687,1158,0.5932642487046632
1860,1249,1733,0.7207155222158107
1861,1038,1835,0.5656675749318801
1862,1190,1729,0.6882591093117408
1863,912,1358,0.6715758468335787
1864,NA,NA,NA
1865,1004,1471,0.6825288919102651
1866,783,1067,0.7338331771321462
1867,626,900,0.6955555555555556
1868,696,982,0.7087576374745418
1869,2419,3165,0.7642969984202211
187,1018,1583,0.6430827542640556
1870,1163,1494,0.7784471218206158
1871,688,933,0.737406216505895
1872,442,621,0.711755233494364
1873,508,680,0.7470588235294118
1874,1357,1839,0.7379010331702012
1876,1246,1956,0.6370143149284253
1877,336,478,0.702928870292887
1878,1232,1833,0.6721222040370977
1879,1036,1460,0.7095890410958904
188,774,1255,0.6167330677290837
1880,1144,1592,0.7185929648241206
1881,1112,1587,0.700693131695022
1882,1006,1556,0.6465295629820051
1883,912,1360,0.6705882352941176
1884,749,1422,0.5267229254571026
1885,907,1819,0.49862561847168774
1886,472,1691,0.27912477823772913
1887,954,1518,0.6284584980237155
1888,981,1683,0.5828877005347594
1889,NA,NA,NA
189,1427,2409,0.5923619759236197
1890,470,1071,0.4388422035480859
1891,1214,2255,0.5383592017738359
1892,620,1458,0.4252400548696845
1893,1061,2029,0.5229176934450468
1894,650,1083,0.6001846722068329
1895,803,1319,0.6087945413191812
1896,3017,4302,0.701301720130172
1897,2699,3995,0.6755944931163955
1898,1244,1816,0.6850220264317181
1899,1064,1484,0.71698113207547165
190,1128,1622,0.6954377311960542
1900,788,1040,0.7576923076923077
1901,2951,3967,0.7438870683135871
1902,1016,2136,0.4756554307116105
1903,794,1711,0.4640561075394506
1904,879,1703,0.5161479741632413
1905,819,1604,0.5105985037406484
1906,441,731,0.6032831737346102
1907,990,1958,0.5056179775280899
1908,812,1760,0.46136363636363636
1909,807,1843,0.43787303309820946
1910,715,1635,0.43730886850152906
1911,1512,2137,0.7075339260645765
1912,73,124,0.5887096774193549
1913,0,476,0
1914,617,865,0.7132947976878613
1915,465,697,0.667144906743185
1916,460,733,0.6275579809004093
1917,620,950,0.6526315789473685
1918,0,1457,0
1919,710,1572,0.45165394402035625
192,393,758,0.5184696569920845
1920,906,1970,0.45989847715736043
1921,748,1343,0.5569620253164557
1922,504,884,0.5701357466063348
1923,484,852,0.568075117370892
1924,656,1451,0.45210199862164024
1925,848,1463,0.579630895420369
1926,881,1480,0.5952702702702702
1927,818,1406,0.5817923186344239
1928,368,1251,0.2941646682653877
1929,954,1606,0.5940224159402242
193,0,888,0
1930,432,723,0.5975103734439834
1931,523,966,0.5414078674948241
1932,701,1300,0.5392307692307692
1933,391,713,0.5483870967741935
1934,284,584,0.4863013698630137
1935,714,1304,0.5475460122699386
1936,712,1299,0.5481139337952271
1937,772,1475,0.5233898305084745
1938,424,821,0.5164433617539586
1939,258,445,0.5797752808988764
194,200,892,0.2242152466367713
1940,482,994,0.48490945674044267
1941,289,524,0.5515267175572519
1942,403,805,0.5006211180124224
1943,878,1483,0.5920431557653405
1944,1029,1618,0.6359703337453646
1945,771,1394,0.5530846484935438
1946,NA,NA,NA
1947,656,1002,0.654690618762475
1948,560,804,0.6965174129353234
1949,353,497,0.710261569416499
195,93,228,0.40789473684210525
1950,387,635,0.6094488188976378
1951,387,576,0.671875
1952,537,768,0.69921875
1953,982,1420,0.6915492957746479
1954,1034,1640,0.6304878048780488
1955,927,1557,0.5953757225433526
1956,624,837,0.7455197132616488
1957,1869,2665,0.7013133208255159
1958,1248,1988,0.6277665995975855
1959,1249,1948,0.641170431211499
196,721,1448,0.4979281767955801
1960,810,1357,0.5969049373618276
1961,2204,3149,0.6999047316608447
1962,1290,2873,0.44900800556909154
1963,3005,4647,0.6466537551108242
1964,4146,5867,0.7066643940685189
1965,940,1486,0.6325706594885598
1966,1459,2280,0.6399122807017544
1967,911,1416,0.643361581920904
1968,805,1383,0.5820679681851049
1969,1113,1579,0.7048765041165295
197,408,944,0.4322033898305085
1970,1096,1703,0.6435701702877276
1971,943,1572,0.5998727735368957
1972,922,1427,0.6461107217939733
1973,978,1572,0.6221374045801527
1975,1093,1614,0.6771995043370508
1976,1017,1554,0.6544401544401545
1977,2103,3433,0.6125837459947567
1978,4231,4653,0.9093058241994412
1979,803,1396,0.5752148997134671
198,165,356,0.46348314606741575
1980,846,1449,0.5838509316770186
1981,472,750,0.6293333333333333
1982,595,833,0.7142857142857143
1983,1601,2184,0.733058608058608
1984,1149,1607,0.7149968886123211
1985,963,1501,0.6415722851432378
1986,226,382,0.5916230366492147
1987,720,1189,0.6055508830950378
1988,900,1518,0.5928853754940712
1989,1431,2891,0.4949844344517468
199,0,581,0
1990,744,1036,0.7181467181467182
1991,721,1025,0.7034146341463414
1992,490,731,0.6703146374829001
1993,678,996,0.6807228915662651
1994,846,1200,0.705
1995,518,719,0.7204450625869263
1996,1086,1908,0.5691823899371069
1997,929,1737,0.5348301669545192
1998,840,1496,0.5614973262032086
1999,3401,6088,0.5586399474375822
2,966,1485,0.6505050505050505
20,3219,6205,0.5187751813053989
200,436,962,0.45322245322245325
2000,3649,7074,0.5158326265196495
2001,928,2431,0.38173591114767585
2002,7320,11764,0.6222373342400545
2003,3489,6198,0.5629235237173281
2004,1077,1819,0.5920835623969214
2005,912,1477,0.6174678402166554
2006,4939,9007,0.5483512823359609
2007,851,2022,0.4208704253214639
2008,1813,4184,0.4333173996175908
2009,1898,4272,0.4442883895131086
201,477,1023,0.4662756598240469
2010,978,2161,0.45256825543729756
2011,803,2433,0.3300452116728319
2012,690,1165,0.592274678111588
2013,890,1451,0.6133700895933839
2014,1088,2203,0.4938719927371766
2015,980,2029,0.4829965500246427
2016,944,1603,0.5888958203368684
2017,178,410,0.43414634146341463
2018,901,1895,0.47546174142480213
2019,2254,3590,0.6278551532033426
202,170,305,0.5573770491803278
2020,655,1034,0.6334622823984526
2021,765,1326,0.5769230769230769
2022,748,1173,0.6376811594202898
2023,475,833,0.5702280912364946
2024,287,534,0.5374531835205992
2025,461,669,0.6890881913303438
2026,561,753,0.7450199203187251
2027,988,1554,0.6357786357786358
2028,916,1491,0.6143527833668678
2029,819,1401,0.5845824411134903
203,0,719,0
2030,905,1386,0.652958152958153
2031,983,1560,0.6301282051282051
2032,855,1712,0.4994158878504673
2033,939,1728,0.5434027777777778
2034,467,1506,0.3100929614873838
2035,602,1462,0.4117647058823529
2036,829,1431,0.5793151642208246
2037,814,1412,0.5764872521246459
2038,510,1602,0.31835205992509363
2039,1837,3503,0.5244076505852127
204,209,454,0.460352422907489
2043,593,990,0.598989898989899
2044,899,1380,0.6514492753623189
2045,3338,5760,0.5795138888888889
2046,1070,2220,0.481981981981982
2048,2728,4459,0.6117963668984077
2049,3657,6110,0.5985270049099837
205,471,1020,0.46176470588235297
2050,1019,2266,0.4496910856134157
2051,961,2018,0.47621407333994054
2052,596,1841,0.3237370994024986
2053,4651,7195,0.6464211257817929
2054,753,1331,0.5657400450788881
2055,763,1212,0.6295379537953796
2056,892,1353,0.6592756836659276
2057,465,614,0.757328990228013
2058,1148,2151,0.5337052533705253
2059,336,1252,0.268370607028754
206,199,488,0.4077868852459016
2060,1014,1851,0.5478119935170178
2061,712,1376,0.5174418604651163
2062,0,736,0
2063,653,1545,0.42265372168284787
2064,993,1893,0.5245641838351822
2065,1135,1735,0.654178674351585
2066,1054,1700,0.62
2067,447,1235,0.36194331983805667
2068,1058,2414,0.4382767191383596
2069,1012,1638,0.6178266178266179
207,173,338,0.5118343195266272
2070,776,1687,0.4599881446354475
2071,1087,1878,0.5788072417465389
2072,643,1180,0.5449152542372881
2074,913,1422,0.6420534458509142
2075,1232,1910,0.6450261780104712
2076,731,1329,0.5500376222723853
2077,1187,1962,0.6049949031600408
2078,850,1391,0.6110711718188354
2079,2208,3251,0.6791756382651492
208,0,235,0
2080,911,1576,0.5780456852791879
2081,1676,2724,0.6152716593245228
2082,478,954,0.5010482180293501
2083,549,967,0.5677352637021716
2084,225,383,0.587467362924282
2085,37,112,0.33035714285714285
2086,1299,2806,0.46293656450463294
2087,NA,NA,NA
2088,1303,1862,0.6997851772287863
2089,1353,2034,0.6651917404129793
209,205,421,0.48693586698337293
2090,522,807,0.6468401486988847
2091,1161,1758,0.6604095563139932
2092,420,1371,0.3063457330415755
2093,818,1361,0.6010286554004408
2094,933,2378,0.39234650967199325
2095,1490,2643,0.5637533106318577
2096,1063,1762,0.6032917139614075
2097,1500,3430,0.43731778425655976
2098,1720,2871,0.5990943921978404
2099,1644,2804,0.5863052781740371
21,1070,2869,0.3729522481700941
210,574,1044,0.5498084291187739
2100,130,229,0.5676855895196506
2101,3269,4661,0.7013516412786955
2102,574,839,0.6841477949940405
2103,1297,2114,0.6135288552507095
2104,1446,2468,0.5858995137763371
2105,1241,2432,0.5102796052631579
2106,197,275,0.7163636363636363
2107,72,120,0.6
2108,124,196,0.6326530612244898
2109,378,803,0.47073474470734744
211,293,533,0.549718574108818
2110,0,728,0
2111,349,489,0.7137014314928425
2112,273,365,0.7479452054794521
2114,140,177,0.7909604519774012
2115,424,592,0.7162162162162162
2116,185,279,0.6630824372759857
2117,347,543,0.6390423572744015
2118,1199,1590,0.7540880503144655
2119,404,542,0.7453874538745388
212,0,940,0
2120,554,715,0.7748251748251749
2121,285,351,0.811965811965812
2123,477,643,0.7418351477449455
2125,1077,2564,0.4200468018720749
2126,3459,7402,0.46730613347743855
2127,1375,2364,0.5816412859560067
2128,2189,4490,0.48752783964365254
2129,2972,5003,0.5940435738556866
213,246,491,0.5010183299389002
2130,2810,4718,0.5955913522679102
2132,1796,6343,0.2831467759735141
2133,2672,5967,0.44779621250209484
2134,7581,13481,0.5623470068985981
2137,477,1146,0.4162303664921466
2138,292,804,0.36318407960199006
2139,1292,3295,0.3921092564491654
214,265,516,0.5135658914728682
2140,1257,2650,0.4743396226415094
2141,667,1471,0.45343303874915025
2142,0,214,0
2143,436,988,0.44129554655870445
2144,251,1060,0.23679245283018868
2145,509,1007,0.5054617676266137
2146,594,1472,0.40353260869565216
2147,709,1639,0.4325808419768151
2148,887,5078,0.17467506892477352
2149,1118,3254,0.3435771358328211
215,96,210,0.45714285714285713
2150,234,1090,0.21467889908256882
2151,406,1200,0.3383333333333333
2152,386,994,0.38832997987927564
2153,224,1013,0.2211253701875617
2154,258,1171,0.22032450896669514
2155,331,1412,0.23441926345609065
2156,535,1089,0.49127640036730946
2157,495,1022,0.4843444227005871
2158,305,1150,0.26521739130434785
2159,552,1241,0.44480257856567285
216,244,498,0.4899598393574297
2160,401,929,0.4316469321851453
2161,0,1083,0
2162,596,1330,0.4481203007518797
2163,201,968,0.20764462809917356
2164,419,979,0.4279877425944842
2165,456,980,0.46530612244897956
2166,606,1006,0.6023856858846919
2167,523,764,0.6845549738219895
2168,590,880,0.6704545454545454
2169,532,833,0.6386554621848739
217,281,1115,0.2520179372197309
2170,807,1186,0.6804384485666105
2171,713,1008,0.7073412698412699
2172,267,412,0.6480582524271845
2173,300,469,0.6396588486140725
2174,682,1137,0.5998240985048373
2175,640,1029,0.6219630709426628
2176,511,789,0.6476552598225602
2177,1981,1433,1.3824145150034892
2178,972,1297,0.7494217424826523
2179,790,1301,0.6072252113758647
218,4728,14922,0.3168476075593084
2180,877,1406,0.6237553342816501
2181,444,913,0.48630887185104055
2182,291,1519,0.19157340355497038
2183,675,1126,0.5994671403197158
2184,475,796,0.5967336683417085
2185,769,1197,0.6424394319131161
2186,0,507,0
2187,324,495,0.6545454545454545
2188,712,1006,0.7077534791252486
2189,731,1280,0.57109375
219,1762,2963,0.5946675666554168
2190,745,1279,0.5824863174354965
2191,694,1210,0.5735537190082645
2192,567,957,0.5924764890282131
2193,413,829,0.49819059107358266
2194,457,831,0.5499398315282792
2195,650,1169,0.5560307955517536
2196,3380,8156,0.41441883276115743
2197,984,2019,0.487369985141159
2198,1815,4581,0.39620170268500327
2199,1585,3900,0.4064102564102564
22,852,1632,0.5220588235294118
220,NA,NA,NA
2200,1088,2001,0.543728135932034
2201,1328,1202,1.1048252911813643
2202,1077,1804,0.5970066518847007
2203,382,688,0.5552325581395349
2204,588,1001,0.5874125874125874
2205,242,455,0.5318681318681319
2206,492,696,0.7068965517241379
2207,1142,2020,0.5653465346534653
2208,420,649,0.6471494607087828
2209,866,1579,0.5484483850538315
221,622,1590,0.39119496855345914
2210,873,1446,0.6037344398340249
2211,685,1075,0.6372093023255814
2212,697,1393,0.5003589375448672
2213,1072,1940,0.5525773195876289
2214,931,1605,0.5800623052959502
2215,851,1584,0.5372474747474747
2216,1015,1749,0.5803316180674671
2217,0,574,0
2218,824,1432,0.5754189944134078
2219,722,1369,0.5273922571219869
222,846,1291,0.6553059643687065
2220,517,1031,0.501454898157129
2221,403,671,0.6005961251862891
2222,464,745,0.6228187919463087
2223,417,670,0.6223880597014926
2224,338,597,0.5661641541038526
2225,726,1212,0.599009900990099
2226,614,1051,0.5842055185537584
2227,640,1145,0.5589519650655022
2228,900,1528,0.5890052356020943
2229,1370,1113,1.2309074573225516
223,522,1049,0.49761677788369874
2230,984,1599,0.6153846153846154
2231,467,801,0.5830212234706617
2232,377,633,0.5955766192733017
2233,565,985,0.5736040609137056
2234,1535,2378,0.6455004205214466
2235,818,1267,0.6456195737963694
2236,814,1250,0.6512
2237,391,657,0.5951293759512938
2238,920,1625,0.5661538461538461
2239,894,1268,0.7050473186119873
224,540,1028,0.5252918287937743
2240,813,1346,0.6040118870728083
2241,289,422,0.6848341232227488
2242,488,864,0.5648148148148148
2243,694,1239,0.5601291364003228
2244,599,1094,0.5475319926873857
2245,632,1157,0.5462402765773552
2246,368,659,0.5584218512898331
2247,252,472,0.5338983050847458
2248,226,386,0.5854922279792746
2249,374,657,0.5692541856925418
225,632,1140,0.5543859649122806
2250,635,1243,0.5108608205953339
2251,670,1180,0.5677966101694916
2252,527,1025,0.5141463414634146
2253,882,1420,0.6211267605633802
2254,520,854,0.6088992974238876
2255,604,963,0.6272066458982347
2256,347,638,0.5438871473354232
2257,489,781,0.6261203585147247
2258,663,1262,0.5253565768621236
2259,628,1209,0.5194375516956162
226,803,1464,0.5484972677595629
2260,398,606,0.6567656765676567
2261,350,684,0.5116959064327485
2262,662,1094,0.6051188299817185
2263,737,1154,0.6386481802426344
2264,682,1193,0.5716680637049455
2265,545,959,0.5683003128258602
2266,637,1321,0.4822104466313399
2267,390,648,0.6018518518518519
2268,417,899,0.4638487208008899
2269,431,885,0.48700564971751414
2270,621,1300,0.4776923076923077
2271,0,555,0
2272,1056,2153,0.4904784022294473
2273,1027,2136,0.48080524344569286
2274,873,3094,0.2821590174531351
2275,2538,6043,0.4199900711567102
2276,1067,2112,0.5052083333333334
2277,701,1264,0.5545886075949367
2278,593,1866,0.3177920685959271
2279,803,1598,0.5025031289111389
2280,1490,3242,0.459592843923504
2281,354,1320,0.2681818181818182
2282,342,610,0.5606557377049181
2283,312,565,0.552212389380531
2284,259,454,0.5704845814977973
2285,398,684,0.5818713450292398
2286,201,345,0.5826086956521739
2287,1698,2015,0.8426799007444169
2288,437,828,0.5277777777777778
2289,364,690,0.527536231884058
2290,0,1003,0
2291,330,643,0.5132192846034215
2292,437,857,0.5099183197199533
2293,450,875,0.5142857142857142
2294,233,773,0.3014230271668823
2295,426,753,0.5657370517928287
2296,1397,2959,0.4721189591078067
2297,482,915,0.526775956284153
2298,494,867,0.5697808535178778
2299,381,713,0.5343618513323983
23,721,1401,0.5146324054246967
2300,493,974,0.5061601642710473
2301,0,1324,0
2302,349,2174,0.16053357865685372
2303,628,2576,0.24378881987577639
2304,511,964,0.5300829875518672
2306,985,1617,0.6091527520098948
2307,5308,14079,0.3770154130264934
2308,3397,9294,0.36550462664084354
2309,269,487,0.5523613963039015
2310,237,1042,0.22744721689059502
2311,0,748,0
2312,465,884,0.5260180995475113
2313,0,929,0
2314,322,657,0.4901065449010654
2315,330,705,0.46808510638297873
2316,381,728,0.5233516483516484
2317,305,606,0.5033003300330033
2318,356,681,0.5227606461086637
2319,936,2457,0.38095238095238093
232,6130,17415,0.35199540625897213
2320,279,1046,0.26673040152963673
2321,454,847,0.5360094451003542
2322,414,813,0.5092250922509225
2323,464,942,0.49256900212314225
2324,291,596,0.48825503355704697
2325,436,814,0.5356265356265356
2326,395,708,0.557909604519774
2327,394,779,0.5057766367137355
2328,544,2598,0.20939183987682833
2329,3737,10064,0.3713235294117647
233,1074,1847,0.5814834867352463
2330,279,472,0.5911016949152542
2331,228,452,0.504424778761062
2332,286,520,0.55
2333,236,446,0.5291479820627802
2334,1821,5315,0.34261523988711196
2335,565,1265,0.44664031620553357
2336,422,829,0.5090470446320868
2337,1264,2353,0.5371865703357416
2338,410,755,0.543046357615894
2339,432,821,0.5261875761266748
234,514,909,0.5654565456545655
2340,298,444,0.6711711711711712
2341,269,631,0.42630744849445323
2342,198,579,0.34196891191709844
2343,1847,4588,0.40257192676547515
2344,432,783,0.5517241379310345
2345,0,635,0
2346,252,886,0.28442437923250563
2347,554,981,0.564729867482161
2348,713,1431,0.49825296995108315
2349,368,1412,0.26062322946175637
2350,0,1277,0
2351,386,772,0.5
2352,3237,7886,0.4104742581790515
2353,942,1542,0.6108949416342413
2354,316,562,0.5622775800711743
2355,481,716,0.6717877094972067
2356,836,1248,0.6698717948717948
2357,764,1176,0.6496598639455783
2358,2132,3359,0.6347127121167014
2359,NA,NA,NA
236,772,2289,0.33726518130187855
2360,813,1772,0.458803611738149
2361,920,1926,0.47767393561786087
2362,735,2064,0.3561046511627907
2363,957,1819,0.5261132490379329
2364,498,1066,0.46716697936210133
2365,467,813,0.5744157441574416
2366,615,1542,0.39883268482490275
2367,471,904,0.5210176991150443
2368,592,1111,0.5328532853285328
2369,375,843,0.44483985765124556
237,528,819,0.6446886446886447
2370,499,1021,0.4887365328109696
2371,371,841,0.441141498216409
2372,283,1356,0.20870206489675516
2373,879,1929,0.4556765163297045
2374,561,1210,0.4636363636363636
2375,589,3319,0.177463091292558
2376,1019,2430,0.41934156378600823
2377,429,962,0.44594594594594594
2378,251,662,0.37915407854984895
2379,203,400,0.5075
238,460,750,0.6133333333333333
2380,NA,NA,NA
2381,474,956,0.49581589958158995
2382,450,841,0.535077288941736
2383,291,510,0.5705882352941176
2384,207,818,0.2530562347188264
2385,348,750,0.464
2386,520,1038,0.5009633911368016
2387,461,1093,0.4217749313815188
2388,1402,3249,0.4315173899661434
2389,406,899,0.45161290322580644
239,569,864,0.6585648148148148
2390,640,1443,0.4435204435204435
2391,249,1157,0.21521175453759722
2392,2939,7156,0.4107043040804919
2393,795,1890,0.42063492063492064
2394,634,1122,0.5650623885918004
2395,550,1045,0.5263157894736842
2396,531,1192,0.44546979865771813
2397,516,1015,0.5083743842364532
2398,474,959,0.4942648592283629
2399,1216,2826,0.4302901627742392
24,419,736,0.5692934782608695
240,711,986,0.7210953346855984
2400,596,1172,0.5085324232081911
2401,620,1186,0.5227655986509275
2402,384,768,0.5
2403,1202,2561,0.46934791097227646
2404,1040,2544,0.4088050314465409
2405,1639,3246,0.5049291435613062
2406,1960,5328,0.36786786786786785
2407,557,1370,0.4065693430656934
2408,846,1221,0.6928746928746928
2409,647,955,0.6774869109947644
241,637,940,0.6776595744680851
2410,803,1144,0.7019230769230769
2411,1098,1663,0.6602525556223692
2412,352,882,0.39909297052154197
2413,594,831,0.7148014440433214
2414,791,1236,0.639967637540453
2415,424,707,0.5997171145685997
2416,726,1358,0.5346097201767305
2417,679,1005,0.6756218905472637
2418,302,967,0.31230610134436404
2419,479,733,0.6534788540245566
242,781,1094,0.7138939670932358
2420,683,1218,0.5607553366174056
2421,617,1100,0.5609090909090909
2422,509,1029,0.4946550048590865
2423,214,1218,0.17569786535303777
2424,749,1265,0.5920948616600791
2425,710,1300,0.5461538461538461
2426,885,1591,0.5562539283469516
2427,584,906,0.6445916114790287
2428,715,1231,0.5808285946385053
2429,0,1120,0
243,695,985,0.7055837563451777
2430,545,1041,0.5235350624399616
2431,546,979,0.557711950970378
2432,456,830,0.5493975903614458
2433,464,803,0.5778331257783312
2434,414,613,0.6753670473083198
2435,333,919,0.36235038084874865
2436,326,1103,0.2955575702629193
2437,1367,5769,0.23695614491246317
2438,259,405,0.6395061728395062
2439,614,921,0.6666666666666666
244,1005,1492,0.6735924932975871
2440,1884,2861,0.658511010136316
2441,417,747,0.5582329317269076
2442,401,778,0.5154241645244216
2443,318,552,0.5760869565217391
2444,230,345,0.6666666666666666
2445,190,355,0.5352112676056338
2446,375,589,0.6366723259762309
2447,453,868,0.521889400921659
2448,492,835,0.5892215568862276
2449,57,118,0.4830508474576271
245,1183,1761,0.6717773992049971
2450,564,1058,0.5330812854442344
2451,296,528,0.5606060606060606
2452,387,747,0.5180722891566265
2453,411,836,0.4916267942583732
2454,304,630,0.48253968253968255
2455,307,1268,0.2421135646687697
2456,751,1217,0.6170912078882498
2457,388,603,0.6434494195688225
2458,474,874,0.5423340961098398
2459,271,411,0.6593673965936739
2460,276,467,0.5910064239828694
2461,581,1341,0.4332587621178225
2462,292,457,0.6389496717724289
2463,187,337,0.5548961424332344
2464,467,1095,0.42648401826484017
2465,342,490,0.6979591836734694
2466,269,364,0.739010989010989
2467,834,1238,0.6736672051696284
2468,758,1179,0.6429177268871925
2469,355,516,0.687984496124031
2470,1726,2623,0.6580251620282119
2471,663,1105,0.6
2472,564,796,0.7085427135678392
2473,477,777,0.6138996138996139
2474,1147,1794,0.6393534002229655
2475,552,953,0.5792235047219307
2476,495,761,0.6504599211563732
2477,390,755,0.5165562913907285
2478,357,640,0.5578125
2479,455,1012,0.44960474308300397
2480,758,1301,0.5826287471176018
2481,712,1132,0.6289752650176679
2482,242,635,0.38110236220472443
2483,275,725,0.3793103448275862
2484,231,536,0.43097014925373134
2485,488,832,0.5865384615384616
2486,560,922,0.6073752711496746
2487,438,745,0.5879194630872483
2488,559,778,0.718508997429306
2489,246,925,0.26594594594594595
2490,466,802,0.5810473815461347
2491,519,858,0.6048951048951049
2492,466,763,0.6107470511140236
2493,464,689,0.6734397677793904
2494,461,798,0.5776942355889725
2495,597,1040,0.5740384615384615
2496,473,943,0.5015906680805938
2497,401,744,0.5389784946236559
2498,454,940,0.4829787234042553
2499,608,1199,0.5070892410341952
25,1059,1677,0.631484794275492
2500,416,771,0.5395590142671854
2501,661,1134,0.5828924162257496
2502,450,803,0.5603985056039851
2503,472,907,0.5203969128996693
2504,404,789,0.5120405576679341
2505,643,1223,0.5257563368765331
2506,317,629,0.5039745627980922
2507,368,765,0.48104575163398694
2508,473,878,0.5387243735763098
2509,772,1309,0.5897631779984721
2510,318,669,0.47533632286995514
2511,474,886,0.5349887133182845
2512,333,689,0.4833091436865022
2513,504,1119,0.450402144772118
2514,349,718,0.4860724233983287
2515,527,870,0.6057471264367816
2516,483,832,0.5805288461538461
2517,458,876,0.5228310502283106
2518,212,585,0.3623931623931624
2519,684,1315,0.5201520912547528
2520,326,678,0.4808259587020649
2521,0,705,0
2522,268,680,0.3941176470588235
2523,626,781,0.8015364916773368
2524,223,698,0.3194842406876791
2525,316,696,0.4540229885057471
2526,211,566,0.37279151943462896
2527,259,627,0.4130781499202552
2528,224,491,0.45621181262729127
2529,184,450,0.4088888888888889
253,199,255,0.7803921568627451
2530,191,485,0.3938144329896907
2531,218,617,0.353322528363047
2532,3436,4449,0.7723083839064958
2533,832,1115,0.7461883408071749
2534,652,819,0.796092796092796
2535,1407,1773,0.7935702199661591
2536,540,662,0.8157099697885196
2537,666,829,0.8033775633293124
2538,1827,2333,0.7831118731247321
2539,648,886,0.7313769751693002
2540,798,1021,0.781586679725759
2541,538,708,0.7598870056497176
2542,713,926,0.7699784017278618
2543,1038,1318,0.787556904400607
2544,514,702,0.7321937321937322
2545,617,746,0.8270777479892761
2546,771,955,0.8073298429319372
2547,1766,4908,0.35982070089649554
2548,713,3783,0.18847475548506476
2549,4671,10240,0.45615234375
2550,716,1866,0.3837084673097535
2551,305,524,0.5820610687022901
2552,1189,4000,0.29725
2553,258,492,0.524390243902439
2554,343,669,0.5127055306427504
2555,513,1155,0.44415584415584414
2556,256,497,0.5150905432595574
2557,1573,6253,0.2515592515592516
2558,236,453,0.5209713024282561
2559,289,490,0.5897959183673469
256,490,621,0.789049919484702
2560,451,784,0.5752551020408163
2561,678,2153,0.31490942870413374
2562,198,371,0.5336927223719676
2563,232,427,0.5433255269320844
2564,220,402,0.5472636815920398
2565,206,363,0.5674931129476584
2566,163,293,0.5563139931740614
2567,404,1022,0.3953033268101761
2568,331,646,0.5123839009287926
2569,1717,3259,0.5268487266032525
257,384,964,0.3983402489626556
2570,0,251,0
2571,376,860,0.4372093023255814
2572,188,329,0.5714285714285714
2573,407,1005,0.40497512437810945
2574,237,573,0.41361256544502617
2575,533,1828,0.29157549234135666
2576,322,754,0.4270557029177719
2577,378,909,0.4158415841584158
2578,177,298,0.5939597315436241
2579,0,245,0
258,1679,2592,0.6477623456790124
2580,464,1050,0.4419047619047619
2581,263,605,0.43471074380165287
2582,102,281,0.36298932384341637
2583,304,1352,0.22485207100591717
2584,269,484,0.5557851239669421
2585,863,2384,0.36199664429530204
2586,127,247,0.5141700404858299
2587,213,527,0.40417457305502846
2588,0,474,0
2589,0,460,0
259,906,1230,0.7365853658536585
2590,196,356,0.550561797752809
2591,1208,2227,0.5424337674000899
2592,1278,2008,0.6364541832669323
2593,629,1342,0.46870342771982115
2594,1214,1682,0.7217598097502973
2595,659,947,0.6958817317845829
2596,674,1264,0.5332278481012658
2597,349,572,0.6101398601398601
2598,9219,13543,0.6807206675035073
2599,1608,840,1.9142857142857144
26,742,1698,0.4369846878680801
260,860,1236,0.6957928802588996
2600,307,417,0.7362110311750599
2601,412,614,0.6710097719869706
2602,320,532,0.6015037593984962
2603,445,668,0.6661676646706587
2604,429,626,0.6853035143769968
2605,361,596,0.6057046979865772
2606,208,400,0.52
2607,0,492,0
2608,573,812,0.7056650246305419
2609,289,501,0.5768463073852296
261,991,1360,0.7286764705882353
2610,253,347,0.729106628242075
2611,290,448,0.6473214285714286
2612,618,790,0.7822784810126582
2613,585,760,0.7697368421052632
2614,1444,2362,0.611346316680779
2615,360,455,0.7912087912087912
2616,696,858,0.8111888111888111
2617,586,739,0.7929634641407307
2618,1237,1599,0.7736085053158224
2619,1119,2079,0.5382395382395382
262,1076,2197,0.4897587619481111
2620,1126,2398,0.469557964970809
2621,320,1129,0.283436669619132
2622,395,1397,0.28274874731567645
2623,0,1109,0
2624,0,1068,0
2625,278,1080,0.2574074074074074
2626,444,810,0.5481481481481482
2627,395,732,0.5396174863387978
2628,484,864,0.5601851851851852
2629,694,1257,0.5521081941129674
263,1035,2167,0.477618827872635
2630,275,1068,0.25749063670411987
2631,223,818,0.2726161369193154
2632,302,616,0.4902597402597403
2633,347,1361,0.25495958853783984
2634,535,1130,0.47345132743362833
2635,531,1044,0.5086206896551724
2636,0,791,0
2637,214,777,0.2754182754182754
2638,404,755,0.5350993377483444
2639,188,772,0.24352331606217617
264,85,135,0.6296296296296297
2640,0,1044,0
2641,341,633,0.5387045813586098
2642,0,907,0
2643,0,761,0
2644,0,789,0
2645,284,544,0.5220588235294118
2646,371,810,0.4580246913580247
2647,451,749,0.6021361815754339
2648,217,792,0.273989898989899
2649,510,3334,0.15296940611877624
265,NA,NA,NA
2650,347,630,0.5507936507936508
2651,NA,NA,NA
2652,484,779,0.6213093709884467
2653,298,668,0.44610778443113774
2654,230,985,0.233502538071066
2655,332,670,0.4955223880597015
2656,215,829,0.25934861278648974
2657,402,658,0.6109422492401215
2658,231,960,0.240625
2659,0,609,0
266,389,495,0.7858585858585858
2660,273,426,0.6408450704225352
2661,4820,12913,0.373267250058081
2662,175,1148,0.1524390243902439
2663,383,927,0.41316073354908306
2664,1410,3576,0.39429530201342283
2665,399,883,0.45186862967157415
2666,435,940,0.4627659574468085
2667,237,1121,0.21141837644959857
2668,486,1144,0.42482517482517484
2669,321,1387,0.23143475126171592
267,304,400,0.76
2670,474,1294,0.366306027820711
2671,914,2059,0.4439048081593006
2672,741,1717,0.43156668608037274
2673,460,945,0.48677248677248675
2674,489,997,0.49047141424272817
2675,411,832,0.49399038461538464
2676,572,1114,0.5134649910233393
2677,361,618,0.5841423948220065
2678,0,464,0
2679,764,1436,0.532033426183844
268,1183,1519,0.7788018433179723
2680,2832,7599,0.37268061587050927
2681,1034,1814,0.5700110253583242
2682,418,796,0.5251256281407035
2683,284,550,0.5163636363636364
2684,293,566,0.5176678445229682
2685,542,1111,0.4878487848784879
2686,388,688,0.563953488372093
2687,712,1265,0.5628458498023715
2688,311,499,0.6232464929859719
2689,742,1214,0.6112026359143328
269,368,473,0.7780126849894292
2690,476,784,0.6071428571428571
2691,639,1081,0.5911193339500462
2692,390,667,0.5847076461769115
2693,647,1092,0.5924908424908425
2694,400,731,0.5471956224350205
2695,842,1452,0.5798898071625345
2696,199,875,0.22742857142857142
2697,629,1124,0.5596085409252669
2698,678,976,0.694672131147541
2699,1051,1544,0.680699481865285
27,271,903,0.3001107419712071
270,1256,697,1.8020086083213773
2700,1293,2041,0.6335129838314552
2701,704,1190,0.5915966386554622
2702,1088,1526,0.7129750982961992
2703,998,1816,0.5495594713656388
2704,1024,1760,0.5818181818181818
2705,817,1373,0.5950473415877641
2706,956,1665,0.5741741741741742
2707,674,1101,0.6121707538601272
2708,658,1229,0.5353946297803092
2709,835,1683,0.49613784907902553
271,867,1520,0.5703947368421053
2710,NA,NA,NA
2711,3112,9767,0.3186239377495649
2712,861,2881,0.2988545643873655
2713,556,2836,0.19605077574047955
2714,698,1918,0.36392075078206465
2715,737,2277,0.32367149758454106
2717,433,532,0.8139097744360902
272,461,597,0.7721943048576214
2721,945,10718,0.08816943459600672
2723,75,119,0.6302521008403361
2724,154,237,0.6497890295358649
2725,162,297,0.5454545454545454
2726,293,368,0.7961956521739131
2727,977,4233,0.23080557524214504
2728,175,3046,0.05745239658568615
2729,1391,3671,0.3789158267502043
273,373,556,0.670863309352518
2730,1017,2896,0.3511740331491713
2731,730,2184,0.3342490842490842
2732,413,812,0.5086206896551724
2733,148,255,0.5803921568627451
2735,53,107,0.4953271028037383
2736,103,141,0.7304964539007093
2738,1220,2977,0.4098085320792744
2739,386,648,0.595679012345679
274,468,561,0.8342245989304813
2740,1285,3344,0.38427033492822965
2741,559,1340,0.4171641791044776
2742,1045,2592,0.40316358024691357
2743,NA,NA,NA
2744,NA,NA,NA
2745,1412,2409,0.5861353258613533
2746,1433,2891,0.4956762365963335
2747,433,898,0.4821826280623608
2748,1642,3360,0.4886904761904762
2749,609,2319,0.2626131953428202
275,647,822,0.7871046228710462
2750,785,2320,0.33836206896551724
2751,381,1124,0.3389679715302491
2752,764,2359,0.3238660449342942
2753,745,2462,0.3025995125913891
2754,817,2465,0.3314401622718053
2755,770,2283,0.337275514673675
2756,701,1628,0.4305896805896806
2757,948,3448,0.27494199535962877
2758,378,1372,0.2755102040816326
2759,1975,3427,0.5763058068281296
276,807,1029,0.7842565597667639
2760,1665,3712,0.44854525862068967
2761,1823,3134,0.5816847479259732
2762,1794,3110,0.5768488745980708
2763,2298,3636,0.6320132013201321
2764,1122,1848,0.6071428571428571
2765,1785,2886,0.6185031185031185
2766,1776,2764,0.6425470332850941
2767,1226,2574,0.4763014763014763
2768,1299,3096,0.41957364341085274
2769,1589,4518,0.3517042939353696
277,739,973,0.7595066803699897
2770,1421,3393,0.4188034188034188
2771,759,1772,0.4283295711060948
2772,979,2297,0.4262080975185024
2773,0,2458,0
2774,1109,2382,0.46557514693534846
2775,706,1621,0.4355336212214682
2776,758,1970,0.3847715736040609
2777,520,1233,0.42173560421735606
2778,549,1179,0.46564885496183206
2779,529,1514,0.34940554821664466
278,269,320,0.840625
2780,614,1632,0.3762254901960784
2781,897,2586,0.3468677494199536
2782,1313,3337,0.3934671860952952
2783,918,2045,0.4488997555012225
2784,977,2488,0.39268488745980706
2785,545,1481,0.3679945982444294
2786,NA,NA,NA
2787,970,1574,0.6162642947903431
2788,1453,2791,0.5206019347903977
2789,910,1595,0.5705329153605015
279,441,528,0.8352272727272727
2790,611,1666,0.3667466986794718
2791,934,1502,0.6218375499334221
2792,868,1749,0.49628359062321326
2793,1776,3237,0.5486561631139945
2794,496,702,0.7065527065527065
2795,822,1403,0.5858873841767641
2796,1811,3119,0.5806348188521963
2797,1660,3202,0.5184259837601499
2798,658,1213,0.5424567188788129
2799,2313,3104,0.7451675257731959
28,1380,2609,0.5289382905327712
280,420,520,0.8076923076923077
2800,1287,1616,0.7964108910891089
2801,3234,4178,0.7740545715653423
2802,1977,2543,0.7774282343688557
2803,2363,3145,0.7513513513513513
2804,3252,4194,0.7753934191702432
2805,2645,3408,0.7761150234741784
2806,2623,3307,0.7931660114907771
2807,1097,1389,0.7897768178545717
2808,3362,4125,0.815030303030303
2809,423,1726,0.2450753186558517
281,360,477,0.7547169811320755
2810,561,2230,0.2515695067264574
2811,519,1753,0.29606389047347403
2812,898,2596,0.3459167950693374
2813,1196,3607,0.33157748821735517
2814,519,1768,0.29355203619909503
2815,442,2502,0.17665867306155075
2816,595,2227,0.26717557251908397
2817,614,2482,0.24738114423851731
2818,842,2800,0.3007142857142857
2819,434,2000,0.217
282,546,673,0.8112927191679049
2820,814,2872,0.28342618384401114
2821,700,2372,0.2951096121416526
2822,520,1641,0.3168799512492383
2823,2011,3947,0.50950088674943
2824,432,1197,0.3609022556390977
2825,539,1657,0.32528666264333134
2826,1494,3544,0.42155756207674944
2827,954,2544,0.375
2828,369,837,0.44086021505376344
2829,653,1576,0.4143401015228426
283,564,745,0.7570469798657719
2830,243,1565,0.15527156549520768
2831,406,1046,0.3881453154875717
2832,749,2074,0.3611378977820636
2833,826,1968,0.41971544715447157
2834,424,1714,0.24737456242707118
2835,694,1792,0.3872767857142857
2836,394,858,0.4592074592074592
2837,1090,3451,0.3158504781222834
2838,406,934,0.4346895074946467
2839,744,2623,0.28364468166221884
284,0,328,0
2840,0,3613,0
2841,397,915,0.43387978142076505
2842,533,1241,0.42949234488315874
2843,322,1784,0.1804932735426009
2844,650,2923,0.2223742730071844
2845,416,3225,0.1289922480620155
2846,989,2130,0.46431924882629105
2847,0,595,0
2848,557,1228,0.4535830618892508
2849,486,1141,0.4259421560035057
285,177,235,0.7531914893617021
2850,602,1233,0.4882400648824006
2851,1296,2948,0.4396200814111262
2852,833,1972,0.4224137931034483
2853,1084,2476,0.4378029079159935
2854,551,2031,0.27129492860659776
2855,0,1318,0
2856,251,621,0.40418679549114334
2857,1173,2486,0.47184231697506035
2858,732,1542,0.47470817120622566
2859,1154,2343,0.4925309432351686
286,245,379,0.6464379947229552
2860,834,1853,0.4500809498111171
2861,782,1749,0.4471126357918811
2862,362,566,0.6395759717314488
2863,3157,3874,0.8149199793495095
2864,1027,2023,0.5076618882847257
2865,1003,1748,0.5737986270022883
2866,597,1136,0.5255281690140845
2867,1095,2241,0.4886211512717537
2868,1889,3890,0.48560411311053986
2869,677,1992,0.339859437751004
287,323,458,0.7052401746724891
2870,503,1172,0.42918088737201365
2871,616,1624,0.3793103448275862
2872,1341,2709,0.4950166112956811
2873,248,551,0.4500907441016334
2874,293,431,0.679814385150812
2875,849,1892,0.4487315010570824
2876,1034,1901,0.5439242503945292
2877,837,2554,0.3277212216131558
2878,1121,2199,0.5097771714415643
2879,1064,1998,0.5325325325325325
288,NA,NA,NA
2880,1530,2959,0.5170665765461304
2881,1255,2697,0.4653318502039303
2882,1517,2717,0.5583364004416635
2883,224,559,0.4007155635062612
2884,902,2015,0.4476426799007444
2885,573,1310,0.43740458015267175
2886,403,775,0.52
2887,839,2038,0.41167811579980373
2888,1223,3215,0.38040435458786936
2889,502,2459,0.2041480276535177
289,412,591,0.6971235194585449
2890,280,1356,0.20648967551622419
2891,551,1384,0.398121387283237
2892,718,2564,0.2800312012480499
2893,531,3131,0.169594378792718
2894,757,1685,0.44925816023738874
2895,189,926,0.2041036717062635
2896,963,2172,0.44337016574585636
2897,265,658,0.4027355623100304
2898,965,1745,0.5530085959885387
2899,1610,2303,0.6990881458966566
29,898,2446,0.3671300081766149
290,0,447,0
2900,1755,2555,0.6868884540117417
2901,1976,2914,0.6781056966369252
2902,1418,2314,0.6127917026793431
2903,1119,1783,0.6275939427930455
2904,1719,3167,0.5427849700031575
2905,1482,2603,0.5693430656934306
2906,1297,2661,0.4874107478391582
2908,436,803,0.5429638854296388
291,394,538,0.7323420074349443
2910,351,752,0.46675531914893614
2911,2008,2889,0.6950501903772932
2912,1235,2027,0.6092747903305378
2913,1158,1500,0.772
2914,1561,2132,0.7321763602251408
2915,689,1210,0.5694214876033058
2916,1186,1952,0.6075819672131147
2917,662,1883,0.35156664896441847
2918,1425,2156,0.6609461966604824
2919,1622,3104,0.5225515463917526
292,631,902,0.6995565410199557
2920,1258,2199,0.5720782173715325
2921,1115,1802,0.618756936736959
2922,1785,2563,0.6964494732735076
2923,1938,3109,0.6233515599871341
2924,1717,2661,0.6452461480646373
2925,1339,2452,0.5460848287112561
2926,526,1252,0.42012779552715657
2927,544,1152,0.4722222222222222
2928,1341,1915,0.7002610966057441
2929,1149,2317,0.495899870522227
293,286,332,0.8614457831325302
2930,1421,2293,0.6197121674662015
2931,1139,2142,0.5317460317460317
2932,1633,2871,0.5687913618948102
2933,1713,1340,1.278358208955224
2934,1452,2679,0.541993281075028
2935,1083,2067,0.5239477503628447
2936,623,1095,0.5689497716894977
2937,1370,2240,0.6116071428571429
2938,1489,2013,0.739692001987084
2939,1411,2971,0.47492426792325815
294,308,425,0.7247058823529412
2940,967,1703,0.5678214914856137
2941,1449,2619,0.5532646048109966
2942,753,1712,0.4398364485981308
2943,1091,2571,0.42434850252819917
2944,3278,2295,1.428322440087146
2945,1125,1636,0.6876528117359413
2946,824,1363,0.6045487894350697
2947,883,1446,0.6106500691562933
2948,825,1149,0.7180156657963447
2949,2228,2733,0.8152213684595683
295,684,1129,0.6058458813108946
2950,1059,2213,0.47853592408495255
2951,1068,2387,0.4474235441977377
2952,1619,2830,0.5720848056537102
2953,1518,2836,0.5352609308885754
2954,610,1135,0.5374449339207048
2955,671,1278,0.525039123630673
2956,860,1706,0.5041031652989449
2957,752,1511,0.49768365320979485
2958,1118,1786,0.6259798432250839
2959,681,996,0.6837349397590361
296,174,262,0.6641221374045801
2960,1850,2763,0.669562070213536
2961,1582,2687,0.588760699665054
2962,1076,1987,0.5415198792148969
2963,1276,2508,0.5087719298245614
2964,1178,2627,0.4484202512371526
2965,712,1329,0.5357411587659895
2966,1147,2023,0.5669797330696985
2967,1552,2639,0.588101553618795
2968,1577,2640,0.5973484848484848
2969,821,1293,0.6349574632637278
2970,676,1359,0.4974245768947756
2971,1499,2875,0.5213913043478261
2972,1228,1650,0.7442424242424243
2973,683,897,0.7614269788182831
2974,1316,1950,0.6748717948717948
2975,1475,1984,0.7434475806451613
2976,1060,1408,0.7528409090909091
2977,374,530,0.7056603773584905
2978,1831,2568,0.713006230529595
2979,1902,2384,0.7978187919463087
2980,1678,2684,0.6251862891207154
2981,1531,2751,0.5565249000363505
2982,1403,1870,0.7502673796791444
2983,1745,2742,0.6363967906637491
2984,1399,2002,0.6988011988011988
2985,504,1362,0.3700440528634361
2986,870,2199,0.39563437926330153
2987,1406,1947,0.7221366204417052
2988,1749,2563,0.6824034334763949
2989,923,2003,0.46080878681977033
2990,1220,2578,0.4732350659425912
2991,738,1979,0.3729156139464376
2992,1097,2593,0.4230620902429618
2993,770,2497,0.30837004405286345
2994,916,2122,0.43166823751178135
2995,962,2088,0.460727969348659
2996,1621,2404,0.6742928452579035
2997,1984,2690,0.737546468401487
2998,1535,2091,0.7340985174557628
2999,2000,2729,0.7328691828508611
3,713,935,0.7625668449197861
30,321,1919,0.167274622199062
3000,864,2078,0.4157844080846968
3001,794,2453,0.32368528332653895
3002,1021,2239,0.45600714604734255
3003,800,1996,0.40080160320641284
3004,752,2959,0.25413991213247716
3005,483,2393,0.20183869619724196
3006,996,2211,0.45047489823609227
3007,668,1813,0.36845008273579705
3008,941,2431,0.3870835047305636
3009,556,2556,0.21752738654147105
3010,1498,2699,0.5550203779177473
3011,830,1802,0.46059933407325193
3012,880,1924,0.4573804573804574
3013,983,1294,0.759659969088099
3014,1115,1352,0.8247041420118343
3015,2533,3059,0.8280483818241255
3016,1631,2086,0.7818791946308725
3017,1526,2028,0.752465483234714
3018,489,1842,0.26547231270358307
3019,1828,1003,1.8225324027916252
3020,1021,1205,0.8473029045643153
3021,1442,2550,0.5654901960784313
3022,1292,2100,0.6152380952380953
3023,1701,2710,0.6276752767527676
3024,1405,2047,0.6863702979970688
3025,375,942,0.3980891719745223
3026,550,1232,0.44642857142857145
3027,494,1230,0.4016260162601626
3028,398,1299,0.30638953040800615
3029,439,1186,0.37015177065767285
303,406,691,0.5875542691751086
3030,559,1329,0.42061700526711815
3031,233,1343,0.1734921816827997
3032,353,1032,0.34205426356589147
3033,227,1277,0.17776037588097102
3034,193,1182,0.16328257191201354
3035,440,1268,0.3470031545741325
3036,437,1312,0.3330792682926829
3037,495,1256,0.39410828025477707
3038,0,1231,0
3039,544,1295,0.4200772200772201
304,238,393,0.6055979643765903
3040,294,1282,0.22932917316692666
3041,463,1063,0.4355597365945437
3042,261,1362,0.19162995594713655
3043,477,1277,0.3735317149569303
305,873,1196,0.729933110367893
306,0,1100,0
307,501,804,0.6231343283582089
308,178,231,0.7705627705627706
309,827,1865,0.4434316353887399
31,389,695,0.5597122302158274
310,814,1274,0.6389324960753532
311,2008,2867,0.7003836763167074
312,725,1600,0.453125
313,422,623,0.6773675762439807
314,142,192,0.7395833333333334
315,283,388,0.729381443298969
316,532,756,0.7037037037037037
317,393,578,0.6799307958477508
318,965,1142,0.8450087565674256
319,305,686,0.4446064139941691
32,901,1948,0.4625256673511294
320,840,1120,0.75
321,919,1483,0.6196898179366149
322,990,1471,0.6730115567641061
323,711,975,0.7292307692307692
324,202,258,0.7829457364341085
325,406,671,0.6050670640834576
326,811,1194,0.6792294807370184
327,242,344,0.7034883720930233
328,358,958,0.3736951983298539
329,727,1427,0.5094604064470918
33,350,1420,0.24647887323943662
330,117,209,0.5598086124401914
331,200,275,0.7272727272727273
332,280,326,0.8588957055214724
333,160,204,0.7843137254901961
334,558,852,0.6549295774647887
335,259,381,0.6797900262467191
336,0,577,0
337,129,183,0.7049180327868853
338,137,258,0.5310077519379846
339,214,343,0.6239067055393586
34,229,848,0.27004716981132076
340,547,875,0.6251428571428571
341,96,205,0.4682926829268293
342,661,929,0.7115177610333692
343,1500,2158,0.6950880444856349
344,0,305,0
345,470,834,0.5635491606714629
347,5444,13729,0.396532886590429
348,611,1506,0.40571049136786186
349,664,1335,0.49737827715355803
35,174,335,0.5194029850746269
350,1330,2411,0.5516383243467441
352,166,283,0.5865724381625441
354,232,384,0.6041666666666666
355,666,1124,0.5925266903914591
356,815,1855,0.4393530997304582
357,248,1596,0.15538847117794485
358,255,1505,0.16943521594684385
359,1951,3489,0.5591860131842935
36,194,388,0.5
360,1291,2278,0.5667251975417033
361,1096,2017,0.5433812592959841
362,681,1612,0.42245657568238215
363,988,1633,0.605021432945499
364,726,1665,0.436036036036036
365,1109,1826,0.6073384446878423
366,1036,2145,0.482983682983683
367,895,1735,0.515850144092219
368,1011,1633,0.6191059399877527
369,805,1555,0.5176848874598071
37,355,718,0.49442896935933145
370,1137,2113,0.5380974917179366
371,1455,2178,0.6680440771349863
372,880,1531,0.5747877204441542
373,1334,1997,0.6680020030045067
374,1210,1907,0.6345044572627163
375,1102,1692,0.6513002364066194
376,665,1004,0.6623505976095617
377,880,1288,0.6832298136645962
378,998,1373,0.7268754552075747
379,759,974,0.7792607802874744
38,453,764,0.5929319371727748
380,1468,1962,0.7482161060142711
381,551,787,0.7001270648030495
382,1265,1610,0.7857142857142857
383,835,1061,0.7869934024505184
384,1162,1439,0.8075052119527449
385,1133,1401,0.8087080656673804
386,1431,1851,0.773095623987034
387,1537,1931,0.7959606421543242
388,2594,3880,0.6685567010309278
389,4420,5445,0.8117539026629935
39,797,1182,0.6742808798646363
390,4315,5415,0.7968605724838412
391,1602,1983,0.8078668683812406
392,1194,1511,0.7902051621442753
393,869,1143,0.7602799650043744
394,817,1043,0.7833173537871524
395,615,789,0.779467680608365
396,603,744,0.8104838709677419
397,1075,1349,0.7968865826538176
398,1149,1408,0.8160511363636364
399,879,1086,0.8093922651933702
4,378,528,0.7159090909090909
40,889,1347,0.6599851521900519
400,748,937,0.7982924226254002
401,1234,1658,0.744270205066345
402,2340,2878,0.8130646282140376
403,1432,1856,0.771551724137931
404,1529,1883,0.8120021242697822
405,783,972,0.8055555555555556
406,943,1311,0.7192982456140351
407,1028,1364,0.7536656891495601
408,2184,1492,1.4638069705093835
409,2033,2487,0.8174507438681142
41,322,784,0.4107142857142857
410,2415,2959,0.8161541061169314
411,2053,2517,0.8156535558204211
412,1322,1588,0.8324937027707808
413,1249,1834,0.6810250817884406
414,944,1300,0.7261538461538461
415,819,1027,0.7974683544303798
416,2182,2674,0.8160059835452506
417,1236,1591,0.7768698931489629
418,380,1157,0.32843560933448573
419,334,538,0.620817843866171
42,1653,2461,0.6716781796017879
420,NA,NA,NA
421,1062,1597,0.6649968691296181
422,840,1345,0.6245353159851301
423,0,1074,0
43,732,1365,0.5362637362637362
430,1109,2871,0.38627655869035177
431,787,1990,0.3954773869346734
432,1055,2707,0.3897303287772442
433,4121,12753,0.32313965341488277
434,768,2121,0.3620933521923621
435,680,1665,0.4084084084084084
436,653,1647,0.39647844565877355
437,672,1754,0.3831242873432155
438,947,2400,0.39458333333333334
44,563,830,0.6783132530120481
442,2057,3518,0.5847072200113701
443,2271,6052,0.3752478519497687
444,2190,4070,0.538083538083538
445,1153,1979,0.5826174835775644
446,584,1045,0.5588516746411484
447,2404,4772,0.5037720033528919
448,2203,4854,0.453852492789452
449,2212,4548,0.48636763412489004
45,521,745,0.6993288590604027
450,1015,1697,0.5981143193871538
451,678,1350,0.5022222222222222
452,804,1577,0.5098287888395688
454,732,1805,0.4055401662049862
455,653,1768,0.36934389140271495
456,1519,2593,0.5858079444658697
457,1061,2511,0.42254082039028273
458,2780,5167,0.53802980452874
459,2401,4624,0.5192474048442907
46,795,776,1.0244845360824741
460,471,821,0.5736906211936662
461,792,1232,0.6428571428571429
463,705,1315,0.5361216730038023
464,586,1033,0.5672797676669894
465,249,867,0.28719723183391005
466,1141,1985,0.5748110831234257
467,995,1647,0.6041287188828173
468,1060,911,1.163556531284303
47,795,787,1.0101651842439645
470,1725,3181,0.5422823011631562
471,465,1055,0.44075829383886256
472,3776,7790,0.4847240051347882
473,997,2069,0.4818753020782987
474,3963,7876,0.5031742001015744
475,622,1221,0.5094185094185094
476,700,1611,0.4345127250155183
477,320,1224,0.26143790849673204
478,221,881,0.2508513053348468
479,652,1271,0.5129819040125885
48,1138,1770,0.6429378531073446
481,688,1162,0.5920826161790017
482,1371,2764,0.4960202604920405
483,3868,10516,0.3678204640547737
484,598,1116,0.53584229390681
485,524,997,0.5255767301905717
486,419,770,0.5441558441558442
487,681,1101,0.6185286103542235
488,575,1683,0.34165181224004754
489,839,1589,0.5280050346129641
49,1052,1520,0.6921052631578948
490,854,1668,0.511990407673861
494,805,1452,0.5544077134986226
495,1120,2025,0.5530864197530864
496,648,1055,0.614218009478673
497,738,1330,0.5548872180451128
498,86,146,0.589041095890411
5,517,689,0.7503628447024674
502,579,847,0.6835891381345927
503,425,705,0.6028368794326241
504,0,493,0
505,905,1552,0.583118556701031
506,323,562,0.5747330960854092
507,282,720,0.39166666666666666
508,830,1439,0.5767894371091036
509,565,908,0.6222466960352423
513,155,271,0.5719557195571956
514,309,430,0.7186046511627907
516,774,1196,0.6471571906354515
517,601,938,0.6407249466950959
518,1135,1541,0.736534717715769
519,1617,2722,0.5940484937545922
52,344,482,0.7136929460580913
520,177,206,0.8592233009708737
521,207,250,0.828
522,366,839,0.4362336114421931
523,388,1284,0.30218068535825543
524,360,4996,0.07205764611689351
526,193,322,0.5993788819875776
527,308,505,0.6099009900990099
528,400,674,0.5934718100890207
529,2212,297,7.447811447811448
530,207,348,0.5948275862068966
531,327,586,0.5580204778156996
532,290,589,0.4923599320882852
533,679,1283,0.5292283710054559
534,310,632,0.49050632911392406
535,699,1001,0.6983016983016983
536,670,983,0.681586978636826
537,1042,1570,0.6636942675159235
538,892,1469,0.607215793056501
539,780,1333,0.5851462865716429
540,591,902,0.655210643015521
541,666,1201,0.5545378850957535
542,577,1034,0.558027079303675
543,548,967,0.5667011375387797
544,879,1615,0.5442724458204334
545,478,703,0.6799431009957326
546,772,1487,0.5191661062542031
547,442,713,0.6199158485273493
548,1119,1651,0.677771047849788
549,899,1410,0.6375886524822695
55,175,229,0.7641921397379913
550,464,820,0.5658536585365853
551,540,928,0.5818965517241379
552,758,1203,0.6300914380714879
553,633,959,0.6600625651720542
554,801,1435,0.5581881533101045
555,685,1183,0.5790363482671175
556,996,1390,0.7165467625899281
557,696,1000,0.696
558,627,988,0.6346153846153846
559,500,758,0.6596306068601583
560,1103,1725,0.6394202898550725
561,349,593,0.5885328836424958
562,330,586,0.5631399317406144
563,406,698,0.5816618911174785
564,306,479,0.6388308977035491
565,294,527,0.5578747628083491
566,281,475,0.5915789473684211
567,189,297,0.6363636363636364
568,489,847,0.577331759149941
569,532,870,0.6114942528735632
570,617,971,0.635427394438723
571,595,1013,0.5873642645607108
572,366,593,0.6172006745362564
573,347,586,0.5921501706484642
574,297,499,0.5951903807615231
575,0,492,0
576,676,1159,0.5832614322691976
577,889,1492,0.5958445040214477
578,915,1449,0.6314699792960663
579,600,882,0.6802721088435374
580,339,439,0.7722095671981777
581,3812,5230,0.7288718929254302
582,1216,1921,0.6330036439354503
583,1234,1936,0.637396694214876
584,1071,1681,0.637120761451517
585,462,1365,0.3384615384615385
586,912,1554,0.5868725868725869
587,635,1058,0.6001890359168242
588,349,524,0.666030534351145
589,157,283,0.5547703180212014
590,591,884,0.668552036199095
591,279,411,0.6788321167883211
592,862,1249,0.6901521216973578
593,1274,1734,0.734717416378316
594,2176,2870,0.7581881533101046
595,1245,1847,0.6740660530590146
596,1164,2390,0.4870292887029289
597,1362,2198,0.6196542311191993
598,1812,2361,0.7674714104193139
599,524,1321,0.39666919000757
6,443,649,0.6825885978428351
600,1462,1850,0.7902702702702703
601,1405,1740,0.8074712643678161
602,1447,1850,0.7821621621621622
603,1280,1682,0.760998810939358
604,2680,4413,0.6072966236120553
606,1081,2054,0.5262901655306719
608,744,1508,0.493368700265252
609,243,1251,0.19424460431654678
61,0,412,0
610,659,1333,0.4943735933983496
611,760,1582,0.4804045512010114
612,634,1367,0.4637893196781273
613,766,1502,0.5099866844207723
614,666,1392,0.47844827586206895
615,541,1437,0.37647877522616563
616,279,512,0.544921875
617,1519,2644,0.5745083207261724
618,1169,2687,0.43505768515072574
619,2694,4451,0.6052572455627949
620,328,1871,0.17530732228754678
621,1252,2310,0.541991341991342
622,4631,7483,0.6188694373914205
624,1322,2066,0.6398838334946757
625,1203,1836,0.6552287581699346
626,2034,2892,0.7033195020746889
627,1446,2003,0.7219171243135297
628,1226,1688,0.726303317535545
629,955,1466,0.6514324693042292
63,1996,3454,0.5778807180081066
630,882,1438,0.6133518776077886
631,438,770,0.5688311688311688
632,665,1026,0.6481481481481481
633,826,1215,0.679835390946502
634,712,1179,0.6039016115351993
635,800,1340,0.5970149253731343
636,932,1375,0.6778181818181818
637,797,1076,0.7407063197026023
638,1354,1980,0.6838383838383838
639,934,1320,0.7075757575757575
640,1132,1794,0.6309921962095875
641,905,1392,0.6501436781609196
642,965,1407,0.6858564321250888
643,921,1519,0.6063199473337723
644,801,1764,0.45408163265306123
645,760,1788,0.4250559284116331
646,776,1782,0.43546576879910215
647,4083,7881,0.5180814617434336
649,1050,1785,0.5882352941176471
650,1071,1979,0.5411824153612936
651,1497,2899,0.5163849603311487
653,975,1442,0.6761442441054092
654,825,1398,0.5901287553648069
655,1028,1502,0.6844207723035952
656,729,1087,0.6706531738730451
657,421,588,0.7159863945578231
658,490,672,0.7291666666666666
659,480,699,0.6866952789699571
66,4100,7604,0.5391899000526039
660,586,815,0.7190184049079754
661,353,942,0.3747346072186836
662,444,619,0.7172859450726979
663,599,897,0.6677814938684504
664,758,1026,0.7387914230019493
665,316,914,0.34573304157549234
666,379,1147,0.3304272013949433
667,1199,2000,0.5995
668,913,1543,0.5917044718081659
669,1037,1621,0.6397285626156693
670,514,1664,0.3088942307692308
671,955,1937,0.4930304594734125
672,817,1847,0.4423389279913373
673,733,1517,0.4831905075807515
674,545,1693,0.3219137625516834
675,931,1827,0.5095785440613027
676,1041,2293,0.4539904055822067
677,1035,1703,0.6077510275983559
678,884,1686,0.5243179122182681
679,325,2004,0.16217564870259482
680,745,1485,0.5016835016835017
681,1038,1502,0.6910785619174434
682,805,1549,0.5196901226597805
683,809,1467,0.5514655760054533
684,792,1481,0.5347738014854828
685,1034,1498,0.6902536715620827
686,1211,1786,0.6780515117581187
687,1070,1653,0.647307924984876
688,703,1320,0.5325757575757576
689,578,1610,0.3590062111801242
6893,NA,NA,NA
69,2364,4518,0.5232403718459495
690,868,1553,0.5589182227945911
691,783,1431,0.5471698113207547
692,833,1385,0.6014440433212996
693,1177,2083,0.5650504080652905
694,5520,9467,0.5830780606316679
695,610,1510,0.40397350993377484
696,696,2017,0.34506693108577097
697,801,1525,0.5252459016393443
698,974,1928,0.5051867219917012
7,168,286,0.5874125874125874
70,4163,7725,0.5388996763754045
701,875,1540,0.5681818181818182
702,1192,2132,0.5590994371482176
704,813,2331,0.3487773487773488
705,1019,2185,0.4663615560640732
706,2571,3465,0.741991341991342
707,610,1182,0.5160744500846024
708,1270,2580,0.49224806201550386
709,1087,2479,0.43848325937878174
71,0,1152,0
710,721,1267,0.569060773480663
711,368,1384,0.2658959537572254
712,1538,2984,0.5154155495978552
713,972,1812,0.5364238410596026
714,914,1550,0.58967741935483875
715,697,1330,0.5240601503759399
716,669,1225,0.5461224489795918
717,913,1469,0.6215112321307011
718,605,1581,0.38266919671094246
7187,NA,NA,NA
719,782,1414,0.553041018387553
72,463,859,0.5389988358556461
720,860,1636,0.5256723716381418
721,835,1454,0.5742778541953233
722,923,1655,0.5577039274924471
723,1001,1749,0.5723270440251572
724,1729,2492,0.6938202247191011
725,782,1335,0.5857677902621723
726,944,1594,0.5922208281053952
727,846,1558,0.5430038510911425
728,806,1515,0.532013201320132
729,1030,1771,0.5815923207227555
73,1616,2972,0.5437415881561238
730,857,1491,0.5747820254862508
731,1647,2629,0.6264739444655762
732,1217,2184,0.5572344322344323
733,833,1536,0.5423177083333334
734,917,2038,0.44995093228655547
735,1498,2437,0.6146901928600739
736,855,1416,0.6038135593220338
737,1005,1657,0.6065178032589016
738,0,1610,0
74,585,1324,0.4418429003021148
740,1299,2239,0.5801697186243859
741,1152,2261,0.5095090667846086
742,3681,9011,0.40850072134058374
743,1661,3142,0.5286441756842776
744,5485,9484,0.5783424715309996
745,390,1309,0.2979373567608862
746,0,1534,0
747,802,1300,0.6169230769230769
748,689,1254,0.5494417862838915
749,1034,1697,0.6093105480259281
75,496,1034,0.4796905222437137
750,1632,2558,0.6379984362783424
751,1247,2244,0.5557040998217468
752,728,1332,0.5465465465465466
753,922,2068,0.4458413926499033
754,773,1613,0.4792312461252325
755,1081,2232,0.4843189964157706
756,758,1279,0.5926505082095387
757,732,1278,0.5727699530516432
758,374,1400,0.2671428571428571
759,2373,3748,0.6331376734258272
76,611,1346,0.4539375928677563
760,1092,1808,0.6039823008849557
761,513,835,0.61437125748503
762,597,1001,0.5964035964035964
763,1645,2444,0.6730769230769231
764,898,1526,0.5884665792922673
765,895,1545,0.5792880258899676
766,998,1854,0.5382955771305286
767,1088,2146,0.5069897483690587
768,651,1337,0.4869109947643979
769,992,1651,0.600847970926711
770,838,1807,0.4637520752628666
771,957,1807,0.5296070835639181
772,718,1326,0.5414781297134238
773,839,1821,0.46073585941790224
774,556,1009,0.5510406342913776
775,879,1514,0.5805812417437253
776,958,1890,0.5068783068783069
777,2006,3554,0.5644344400675295
778,721,1273,0.5663786331500392
779,801,1556,0.5147814910025706
78,645,1638,0.39377289377289376
780,852,1570,0.5426751592356688
781,2029,2955,0.6866328257191201
782,719,1496,0.48061497326203206
783,904,2000,0.452
784,1218,1958,0.6220633299284984
785,930,1726,0.5388180764774044
786,1016,2068,0.4912959381044487
787,1849,3286,0.5626902008520999
788,818,3593,0.22766490397996103
789,1339,3371,0.39721150993770393
79,1012,2035,0.4972972972972973
790,1061,2377,0.44636095919225915
791,888,3446,0.2576900754497969
792,872,1981,0.44018172640080766
793,960,1781,0.5390230207748455
794,4384,7156,0.6126327557294577
795,928,2313,0.40121054907047127
796,1060,1782,0.5948372615039281
797,860,1491,0.5767940979208585
798,1192,2028,0.5877712031558185
799,3016,5596,0.5389563974267334
8,279,430,0.6488372093023256
80,0,1163,0
800,299,2815,0.10621669626998224
801,972,2128,0.4567669172932331
802,756,1482,0.5101214574898786
803,1548,2908,0.53232462173315
804,3087,6009,0.5137294058911632
805,308,425,0.7247058823529412
806,399,570,0.7
807,470,647,0.7264296754250387
808,472,683,0.6910688140556369
809,248,408,0.6078431372549019
81,2055,4701,0.43714103382259095
810,248,340,0.7294117647058823
811,1315,2006,0.6555333998005982
812,443,670,0.6611940298507463
813,596,951,0.6267087276550999
814,404,550,0.7345454545454545
815,728,1080,0.674074074074074
816,2241,3299,0.6792967565929069
817,1299,1953,0.6651305683563749
818,620,866,0.7159353348729792
819,1250,1938,0.6449948400412797
82,648,1042,0.6218809980806143
820,350,433,0.8083140877598153
821,867,1108,0.7824909747292419
822,1111,1653,0.6721113127646703
823,478,727,0.657496561210454
824,580,829,0.6996381182147166
825,674,907,0.743109151047409
826,973,1517,0.6413974950560316
827,313,460,0.6804347826086956
828,218,309,0.7055016181229773
829,143,166,0.8614457831325302
83,218,783,0.2784163473818646
831,1267,1545,0.8200647249190939
832,715,883,0.8097395243488109
833,363,405,0.8962962962962963
834,404,466,0.8669527896995708
835,778,1534,0.5071707953063885
837,1073,1882,0.5701381509032943
838,1337,2209,0.6052512449071978
839,2366,6530,0.36232771822358345
84,5852,10112,0.5787183544303798
841,2938,5163,0.5690490025179159
842,3326,8258,0.4027609590699927
843,425,723,0.5878284923928078
846,773,1607,0.48102053515868076
847,1379,2564,0.5378315132605305
848,237,431,0.5498839907192575
849,1343,2703,0.4968553459119497
85,882,2005,0.4399002493765586
851,222,542,0.4095940959409594
852,68,137,0.49635036496350365
853,441,322,1.3695652173913044
854,769,1069,0.7193638914873713
855,664,1008,0.6587301587301587
856,914,2022,0.4520276953511375
857,390,1141,0.3418054338299737
86,1330,2604,0.510752688172043
860,1338,3121,0.4287087471964114
861,489,881,0.5550510783200908
862,555,973,0.5704008221993834
863,1627,4380,0.37146118721461185
864,2078,5364,0.38739746457867263
865,2442,4893,0.49908031882280807
866,1861,3262,0.5705088902513795
867,343,1052,0.32604562737642584
868,325,532,0.6109022556390977
869,2353,2350,1.0012765957446808
87,1871,3220,0.581055900621118
870,1115,2586,0.43116782675947407
871,862,1519,0.5674786043449638
872,582,1010,0.5762376237623762
873,650,1040,0.625
874,290,439,0.6605922551252847
875,0,622,0
876,652,1263,0.5162311955661124
877,259,457,0.5667396061269147
878,293,558,0.525089605734767
879,547,1078,0.5074211502782932
88,2451,4162,0.5888995675156175
880,454,943,0.4814422057264051
881,867,2067,0.41944847605224966
882,3635,6487,0.5603514721751195
883,1247,3523,0.35395969344308825
884,527,1074,0.49068901303538176
885,487,848,0.5742924528301887
886,925,2017,0.458601883986118
887,1073,2120,0.5061320754716981
888,634,1451,0.43694004135079256
889,480,1161,0.4134366925064599
89,1093,1886,0.5795334040296924
890,85,177,0.480225988700565
891,124,268,0.4626865671641791
892,189,356,0.5308988764044944
893,149,308,0.4837662337662338
894,80,214,0.37383177570093457
895,264,510,0.5176470588235295
896,200,342,0.5847953216374269
897,741,1600,0.463125
898,498,1021,0.4877571008814887
899,196,377,0.519893899204244
9,NA,NA,NA
90,1038,1438,0.721835883171071
900,217,451,0.4811529933481153
901,218,499,0.43687374749499
902,659,1473,0.44738628649015616
903,124,263,0.4714828897338403
904,170,445,0.38202247191011235
906,198,418,0.47368421052631576
907,454,998,0.45490981963927857
908,875,1313,0.6664127951256664
909,564,800,0.705
91,644,1125,0.5724444444444444
910,NA,NA,NA
911,621,1053,0.5897435897435898
912,741,1034,0.7166344294003868
913,757,1105,0.6850678733031674
914,500,682,0.7331378299120235
915,814,1115,0.7300448430493274
916,322,434,0.7419354838709677
917,349,959,0.36392075078206465
918,435,565,0.7699115044247787
919,760,1098,0.692167577413479
92,NA,NA,NA
920,430,565,0.7610619469026548
922,262,404,0.6485148514851485
925,783,1103,0.7098821396192203
927,228,299,0.7625418060200669
928,145,195,0.7435897435897436
93,768,1364,0.5630498533724341
930,135,176,0.7670454545454546
931,2446,2965,0.8249578414839798
932,592,1180,0.5016949152542373
933,884,1501,0.5889407061958695
934,774,1021,0.7580803134182175
935,1817,3939,0.4612845899974613
936,506,902,0.5609756097560976
937,375,665,0.5639097744360902
938,781,1778,0.4392575928008999
939,2088,4788,0.43609022556390975
94,828,1599,0.5178236397748592
940,316,1375,0.2298181818181818
941,308,918,0.3355119825708061
942,539,1001,0.5384615384615384
943,150,236,0.635593220338983
944,599,1106,0.5415913200723327
945,363,674,0.5385756676557863
946,1135,1919,0.5914538822303282
947,1437,2568,0.5595794392523364
948,1881,5946,0.31634712411705346
949,648,1521,0.4260355029585799
95,1800,2896,0.6215469613259669
950,615,1464,0.42008196721311475
951,677,1474,0.4592944369063772
952,603,1428,0.4222689075630252
953,162,346,0.4682080924855491
954,376,757,0.4966974900924703
956,160,350,0.45714285714285713
957,84,197,0.4263959390862944
958,344,721,0.47711511789181693
959,60,153,0.39215686274509803
96,745,1550,0.4806451612903226
960,220,378,0.582010582010582
961,3004,6819,0.4405338026103534
962,237,617,0.3841166936790924
963,674,1672,0.40311004784689
964,654,1441,0.4538514920194309
965,565,1190,0.47478991596638653
966,139,257,0.5408560311284046
967,0,193,0
968,108,215,0.5023255813953489
969,181,595,0.3042016806722689
97,761,1310,0.5809160305343511
970,176,376,0.46808510638297873
971,84,238,0.35294117647058826
972,136,409,0.33251833740831294
973,213,444,0.4797297297297297
975,588,948,0.620253164556962
976,599,1729,0.34644303065355697
977,297,1136,0.261443661971831
978,0,1266,0
979,970,1622,0.5980271270036991
98,718,1352,0.5310650887573964
980,1094,1360,0.8044117647058824
981,621,1058,0.5869565217391305
982,368,1275,0.28862745098039216
983,336,1289,0.26066718386346005
984,331,1308,0.2530581039755352
985,665,1074,0.6191806331471136
986,482,808,0.5965346534653465
987,614,1245,0.4931726907630522
988,914,1354,0.6750369276218612
989,942,1468,0.6416893732970027
99,889,1528,0.5818062827225131
990,594,965,0.6155440414507772
991,649,952,0.6817226890756303
992,645,906,0.7119205298013245
993,533,804,0.6629353233830846
994,533,754,0.7068965517241379
995,926,1357,0.6823876197494473
996,511,729,0.700960219478738
997,492,787,0.625158831003812
998,453,708,0.6398305084745762
999,310,505,0.6138613861386139
N/A,8494,11872,0.7154649595687331
